metric_key,economic_category,cou_metric_key,year,GDP,GDP_15,GDP_PC,GDP_PC_PPP,GDP_PC_PPP_17,GDP_PEMP,GDP_PPP,MFG_VA,ELC_POP,ELC_RUR_POP,CO2GDP,AtmCO2
developing-2000,Developing,argentina-2000,2000,284203750000.0,395646066535.875,10730.6082172968,11618.7932334926,18625.2835537811,49153.4174105124,428394155078.285,16.4942719439838,95.7832870483398,90.1027221679688,0.186,0.286
developing-2001,Developing,argentina-2001,2001,268696750000.0,378202665751.853,10146.1068184859,11226.8797464943,17610.7553863202,48106.8767316569,418489172661.132,16.0932258763829,95.5110626220703,86.0806427001953,0.185,0.304
developing-2002,Developing,argentina-2002,2002,97724004251.8602,336999433710.193,8943.30800223846,10052.4882560869,15523.0387763102,44530.0363457109,378795278976.384,20.347773913878,96.2288665771484,91.3668823242188,0.195,0.331
developing-2003,Developing,argentina-2003,2003,127586973492.177,366780211148.674,9629.84408600561,11025.1860988296,16714.6701331846,44773.408883798,419925810757.286,22.4867505875749,96.4426345825195,91.8974227905273,0.195,0.317
developing-2004,Developing,argentina-2004,2004,164657930452.787,399898899166.738,10389.1512740641,12214.7407113551,18032.6114274365,46454.7924151121,470169433019.259,18.9370136214371,96.6535034179688,92.3015747070313,0.198,0.298
developing-2005,Developing,argentina-2005,2005,198737095012.282,435296589745.339,11192.1795786128,13568.7692061284,19426.4401434847,49079.6074657476,527729109507.491,18.340415936715,96.8638458251953,92.5335083007813,0.188,0.284
developing-2013,Developing,argentina-2013,2013,552025140252.246,593858966307.156,14071.5086831557,20131.6804246983,24424.1364465071,58863.0101420029,849616000404.317,15.0110542553443,99.3426742553711,94.6871871948242,0.172,0.221
developing-2014,Developing,argentina-2014,2014,526319673731.638,578937574935.696,13567.9484159809,19683.7715056442,23550.0990599374,57248.8911709221,839896688260.086,14.7727785491821,100.0,100.0,0.173,0.237
developing-2015,Developing,argentina-2015,2015,594749285413.212,594749285413.212,13789.060424772,20105.1989918165,23933.8866120953,58423.3066934368,867176759338.262,14.1815854549835,99.6253890991211,97.0914993286133,0.174,0.237
developing-2016,Developing,argentina-2016,2016,557531376217.967,582376550428.09,13360.2118345982,20307.870052142,23189.5274451329,57072.557705729,885227528869.049,13.4880259708051,99.8495788574219,98.8367691040039,0.176,0.226
developing-2017,Developing,argentina-2017,2017,643628665302.155,598790850843.677,13595.0373551081,23597.117752839,23597.117752839,58316.7318122318,1039330591568.54,12.8351683415363,100.0,100.0,0.167,0.215
developing-2018,Developing,argentina-2018,2018,524819742918.669,583118120294.002,13105.397163317,23293.3986337639,22747.2416575831,55878.9120013766,1036428172096.8,14.0601434041581,99.9895782470703,99.8718109130859,0.169,0.246
developing-2019,Developing,argentina-2019,2019,451932356085.842,571304530654.919,12712.9707379001,22999.2750525577,22066.1010083881,53836.0305044584,1033557797795.68,14.469857210653,100.0,100.0,0.164,0.259
developed-2000,Developed,australia-2000,2000,415576210513.094,872586798723.367,45558.753131278,26343.0767025713,38217.4494444102,81630.1260027345,504548948084.348,11.5701155470122,100.0,100.0,0.456,0.535
developed-2001,Developed,australia-2001,2001,379083932596.329,890372741826.771,45864.7680331103,27439.8277870076,38474.1533319445,82140.4568588704,532689376829.179,10.9930137248101,100.0,100.0,0.456,0.511
developed-2002,Developed,australia-2002,2002,395342716617.832,926116992865.178,47127.2781005515,28768.7286317056,39533.2234635712,83755.8704036123,565345793833.1,10.5553489443195,100.0,100.0,0.448,0.39
developed-2003,Developed,australia-2003,2003,467390797903.32,954922242233.238,47997.1371388983,29807.4095606,40262.9140616873,84366.7957606416,593030336171.961,10.8621699418076,100.0,100.0,0.434,0.477
developed-2004,Developed,australia-2004,2004,614166310997.297,995080989941.195,49439.1222880846,31407.4614546007,41472.5387935104,86353.2584533897,632150539681.331,10.8821570660011,100.0,100.0,0.433,0.496
developed-2005,Developed,australia-2005,2005,695075176665.163,1026528915832.15,50332.8748422221,32653.4016208815,42222.2727240053,86093.9348312358,665959595377.554,10.3348623009791,100.0,100.0,0.425,0.479
developed-2013,Developed,australia-2013,2013,1576335282651.07,1288790662985.54,55723.9482270935,45906.4400399472,46744.6325424082,94105.6315615791,1061730067174.66,6.60833321401096,100.0,100.0,0.347,0.398
developed-2014,Developed,australia-2014,2014,1467504819608.92,1321821485124.76,56305.9790936359,46880.8951800484,47232.875386831,95823.7427238993,1100561174645.73,6.36863463394708,100.0,100.0,0.33,0.401
developed-2015,Developed,australia-2015,2015,1350534154255.76,1350534154255.76,56707.0220772116,46248.6164566389,47569.2946015026,96035.429491974,1101456818288.23,6.29999747413608,100.0,100.0,0.328,0.373
developed-2016,Developed,australia-2016,2016,1206685107002.47,1387560980285.63,57358.7827974217,47255.3070085957,48116.0310826944,97059.7271143626,1143148737101.39,6.08549932920885,100.0,100.0,0.326,0.375
developed-2017,Developed,australia-2017,2017,1326882872011.46,1419418366737.24,57695.5712591341,48398.5497014956,48398.5497014956,97191.9771432668,1190694343959.24,5.79873746244275,100.0,100.0,0.323,0.363
developed-2018,Developed,australia-2018,2018,1428529571351.06,1460169477425.41,58447.2526505317,50169.1872936523,49029.1057110348,97619.6112647916,1253361153370.88,5.77727182456784,100.0,100.0,0.311,0.393
developed-2019,Developed,australia-2019,2019,1391952510370.48,1491025040336.15,58781.0466570626,51748.3977215322,49309.1123989414,97659.6254535974,1312636660762.97,5.61511806427613,100.0,100.0,0.304,0.391
developed-2000,Developed,austria-2000,2000,197289625479.906,311192381028.414,38842.8905195831,29376.0197364753,46469.8610601036,99847.0924295559,235347920936.075,18.2149670740326,100.0,100.0,0.166,0.207
developed-2001,Developed,austria-2001,2001,197508773215.323,315135711888.113,39184.8085972636,29702.7975286074,46878.9162398602,100548.778597243,238878600644.736,18.3410929949555,100.0,100.0,0.176,0.197
developed-2002,Developed,austria-2002,2002,214394866675.24,320340348097.004,39636.4826114521,31178.6933297272,47419.2784117541,101167.598934797,251984858807.042,17.7267828085994,100.0,100.0,0.177,0.196
developed-2003,Developed,austria-2003,2003,262273631180.054,323356259321.687,39815.2219533064,32144.2418052358,47633.1140009916,101079.852603269,261056984714.604,17.4531746104997,100.0,100.0,0.188,0.203
developed-2004,Developed,austria-2004,2004,301457562038.541,332200441760.824,40651.2266155811,33773.825776679,48633.2718157639,107606.76452196,275998555936.944,17.3364603484259,100.0,100.0,0.186,0.203
developed-2005,Developed,austria-2005,2005,316092273276.015,339655236682.676,41281.2707559522,35013.7140443423,49387.0278641202,106353.837180398,288086851811.747,17.4078184700008,100.0,100.0,0.183,0.183
developed-2013,Developed,austria-2013,2013,430190979705.962,375650886015.0,44299.3781845446,47922.0491207455,52997.7538166712,107169.710280312,406370494341.228,16.4957293719062,100.0,100.0,0.143,0.152
developed-2014,Developed,austria-2014,2014,442584815286.034,378134963330.691,44245.1687398338,48799.7154676985,52932.9001116518,107674.31572691,417059741085.658,16.5600152509678,100.0,100.0,0.134,0.146
developed-2015,Developed,austria-2015,2015,381971148530.543,381971148530.543,44195.8175947748,49865.9039424185,52873.8586545571,107546.454902852,430975998137.236,16.6900364578037,100.0,100.0,0.135,0.147
developed-2016,Developed,austria-2016,2016,395837353031.499,389570224508.691,44590.2516278164,52684.0171130768,53345.7415259818,108034.41534321,460282766423.271,17.047414633819,100.0,100.0,0.133,0.146
developed-2017,Developed,austria-2017,2017,417261151844.977,398368950204.699,45281.723399938,54172.9867888254,54172.9867888254,109175.740207791,476590426691.819,16.8427076676864,100.0,100.0,0.135,0.138
developed-2018,Developed,austria-2018,2018,455168151938.941,408334528417.519,46188.9665119872,56960.0914258929,55258.37103291,110417.684255332,503556884412.526,16.8284845817184,100.0,100.0,0.125,0.129
developed-2019,Developed,austria-2019,2019,445011872704.47,414423657207.687,46669.7512148406,58076.348801448,55833.559903835,111248.30625102,515713331248.954,16.5435327871752,100.0,100.0,0.127,0.129
developing-2000,Developing,bangladesh-2000,2000,53369787318.6245,83463813143.96,653.80864003472,1331.54842861048,1937.72919211467,5419.39427647179,169982625545.874,14.035315753916,32.0,16.8105220794678,0.085,0.407
developing-2001,Developing,bangladesh-2001,2001,53991289844.3291,87701511126.0793,674.166972677693,1403.12621854246,1998.06631990634,5573.40294697098,182530878334.241,14.1783570229665,35.0326461791992,21.5169792175293,0.096,0.435
developing-2002,Developing,bangladesh-2002,2002,54724081490.5102,91063218744.844,687.383307540341,1453.26225725918,2037.23630988193,5661.91374185424,192525389218.375,14.3174375493986,37.8510704040527,24.4272594451904,0.098,0.446
developing-2003,Developing,bangladesh-2003,2003,60158929188.2556,95379221373.1044,707.60509399929,1523.79747808748,2097.16874811972,5814.72725505935,205395097099.782,14.1454615609431,40.6642608642578,27.352518081665,0.098,0.465
developing-2004,Developing,bangladesh-2004,2004,65108544250.0425,100376647066.682,732.748840884682,1620.42505311916,2171.68867544338,5977.08839191275,221976241488.929,14.44207318664,40.5999984741211,27.8762912750244,0.1,0.326
developing-2005,Developing,bangladesh-2005,2005,69442943089.4309,106937209452.104,769.135980425315,1753.87460797871,2279.53127370224,6230.86080628231,243850841826.997,14.743998758061,44.2299995422363,30.1718578338623,0.101,0.345
developing-2013,Developing,bangladesh-2013,2013,149990451022.29,172619411144.635,1129.99354846656,3143.58550275239,3349.02500775857,8874.81577332231,480218563286.77,16.4420194734025,61.5,48.5877647399902,0.117,0.398
developing-2014,Developing,bangladesh-2014,2014,172885454931.453,183081976119.336,1184.86328330845,3368.05616403141,3511.64550625961,9263.19841074518,520423230999.264,16.6127076619157,62.4000015258789,48.1212005615234,0.116,0.37
developing-2015,Developing,bangladesh-2015,2015,195078678697.23,195078678697.23,1248.45330989613,3555.50525970603,3700.11082057504,9718.96660005835,555570050290.634,16.7886735625088,74.9037399291992,65.2221298217773,0.123,0.527
developing-2016,Developing,bangladesh-2016,2016,221415188000.475,208955558005.097,1322.69481176488,3848.95766369191,3920.14450723583,10255.7196340481,608047366029.664,17.0302468647422,75.9199981689453,66.1436462402344,0.118,0.405
developing-2017,Developing,bangladesh-2017,2017,249710922462.309,224176245316.101,1403.86169202072,4160.70332471531,4160.70332471531,10392.1348499895,664403662063.264,17.3006412745483,88.0,81.5710296630859,0.117,0.427
developing-2018,Developing,bangladesh-2018,2018,274038973437.275,241804912832.722,1498.38789214106,4547.48001638788,4440.85590480834,11013.6884466935,733857377477.863,17.9581434052737,91.8000030517578,89.0830078125,0.114,0.385
developing-2019,Developing,bangladesh-2019,2019,302571320445.75,261518503633.701,1603.95364590189,4954.76184812582,4753.72702676094,11715.667845232,807854957463.322,18.9326330099565,92.1999969482422,88.8535995483398,0.115,0.475
developed-2000,Developed,belgium-2000,2000,236792460312.471,365711203833.047,35674.7912530713,27784.5715041684,43024.1399101042,106854.699632268,284826588632.107,17.5359744500664,100.0,100.0,0.258,0.546
developed-2001,Developed,belgium-2001,2001,236746141604.37,369732633305.117,35943.2379602838,28788.0628411374,43347.8892099274,109967.916454717,296130423579.759,17.0405421304565,100.0,100.0,0.259,0.572
developed-2002,Developed,belgium-2002,2002,258383599375.177,376043542626.992,36393.2417665704,30282.2886450283,43890.5981100134,111438.634040184,312900377877.018,16.7945870519173,100.0,100.0,0.238,0.454
developed-2003,Developed,belgium-2003,2003,318082528506.588,379946808976.211,36617.3803840227,30932.8525095624,44160.9114292454,112621.526999155,320963391708.604,16.2002374109264,100.0,100.0,0.246,0.466
developed-2004,Developed,belgium-2004,2004,369214712443.206,393515485920.82,37761.2813189981,32063.0803240468,45540.4669120107,114137.130645886,334133752698.897,16.0899360790406,100.0,100.0,0.234,0.404
developed-2005,Developed,belgium-2005,2005,385714762230.039,402651880769.961,38426.0519083731,33177.8909458158,46342.1866093314,114618.744245887,347658412088.972,15.8709459755849,100.0,100.0,0.222,0.346
developed-2013,Developed,belgium-2013,2013,521791015247.06,446045040873.594,39970.3174974794,43671.11959259,48204.5856992867,118352.393997862,487343797679.386,12.562639991855,100.0,100.0,0.175,0.336
developed-2014,Developed,belgium-2014,2014,535390200131.018,453086009677.5,40421.4207919096,44929.685593416,48748.6205926039,119950.359711832,503619406808.679,12.5646861948773,100.0,100.0,0.16,0.324
developed-2015,Developed,belgium-2015,2015,462335574841.484,462335574841.484,41008.296719472,46200.904454307,49456.3985817783,122136.134060135,520878052195.13,12.6933338836875,100.0,100.0,0.166,0.312
developed-2016,Developed,belgium-2016,2016,476062757356.927,468191916732.07,41318.0196388476,48597.3999826201,49829.9273887741,122669.879560317,550677647305.861,12.3569440759775,100.0,100.0,0.163,0.329
developed-2017,Developed,belgium-2017,2017,502764720556.354,475774660680.469,41825.7628316432,50442.2705419624,50442.2705419624,121545.18279235,573788797293.568,12.4291175308128,100.0,100.0,0.158,0.311
developed-2018,Developed,belgium-2018,2018,543273794572.392,484429970740.234,42393.2512036991,52528.1185388814,51126.6669535206,120942.484425994,600241647062.199,12.1720046588327,100.0,100.0,0.156,0.32
developed-2019,Developed,belgium-2019,2019,535288715239.999,494843082072.617,43071.1065797501,54269.5140327442,51944.1670288861,121665.35874142,623501361331.917,12.2964517995728,100.0,100.0,0.152,0.293
developing-2000,Developing,brazil-2000,2000,655448188259.351,1186418964175.19,6787.66899225011,9060.78866695732,11600.9483833542,28976.194211382,1583738322704.83,13.134659593552,94.391716003418,74.3994064331055,0.145,0.476
developing-2001,Developing,brazil-2001,2001,559983704094.17,1202908958700.07,6788.57656201416,9260.76838093081,11602.4995299995,28548.8819189831,1640971586326.6,13.0895379354001,96.0165252685547,81.8757629394531,0.147,0.461
developing-2002,Developing,brazil-2002,2002,509795270685.19,1239639324926.44,6904.6253073595,9568.06602729728,11800.8408908174,28430.4004559193,1717826874441.4,12.3569626673735,96.6529922485352,84.1179504394531,0.142,0.466
developing-2003,Developing,brazil-2003,2003,558233724164.711,1253781489825.37,6896.13719435172,9733.77330392262,11786.3336776655,28402.0467397391,1769689965653.55,14.4507645630532,96.980094909668,85.321533203125,0.138,0.451
developing-2004,Developing,brazil-2004,2004,669289321944.516,1325998860262.8,7206.26179832942,10445.3471782104,12316.374186014,28861.4818214536,1922011556195.08,15.0995301563871,96.7651062011719,83.4505462646484,0.138,0.426
developing-2005,Developing,brazil-2005,2005,891633826603.377,1368459094911.19,7352.28258589388,10988.9611484477,12565.9413969911,29102.8866327618,2045343558484.92,14.7382811342998,97.0935134887695,84.8305358886719,0.134,0.405
developing-2013,Developing,brazil-2013,2013,2472819362216.69,1859094274468.6,9247.5733810643,15588.7261289147,15805.2229104713,35546.2573417586,3133893649534.78,10.4796122903756,99.5751495361328,97.5020370483398,0.144,0.434
developing-2014,Developing,brazil-2014,2014,2456043766028.73,1868463286781.87,9214.97724357405,15718.5649500141,15749.5121636814,35204.1752116232,3187155079572.03,10.3370973946319,99.6502456665039,97.9100799560547,0.151,0.449
developing-2015,Developing,brazil-2015,2015,1802211999538.68,1802211999538.68,8813.98980647828,14744.1136344695,15064.1760688552,34070.5147232268,3014754849735.87,10.5209374515806,99.7108993530273,98.2324066162109,0.149,0.472
developing-2016,Developing,brazil-2016,2016,1795693265810.23,1743173031958.05,8455.31234246959,14256.163385421,14451.1528423266,33786.9328831462,2939094210373.7,10.7864511156539,99.6999969482422,98.4671325683594,0.142,0.45
developing-2017,Developing,brazil-2017,2017,2063514688761.98,1766232928553.89,8498.29390646058,14524.6135408174,14524.6135408174,34114.0889046955,3018705988834.88,10.7214980110027,99.8000030517578,99.1695938110352,0.144,0.473
developing-2018,Developing,brazil-2018,2018,1916933708381.89,1797736638228.88,8582.33863665038,15020.4382238881,14668.2561636292,34166.3088762026,3146320980859.84,10.5284573797129,99.6999969482422,98.4109039306641,0.134,0.447
developing-2019,Developing,brazil-2019,2019,1877824273720.78,1823105452462.95,8638.28290678523,15388.234915991,14763.8716968734,33896.0496066885,3247679577278.91,10.1410039383075,99.8000030517578,98.4820861816406,0.132,0.435
developed-2000,Developed,canada-2000,2000,744773415931.587,1047046486898.19,34121.6091941822,29362.0841609786,37194.3956032859,75098.3033913164,900996986801.064,17.0244371251909,100.0,100.0,0.441,0.378
developed-2001,Developed,canada-2001,2001,738981792355.372,1061763014138.36,34227.341749713,30230.8029655917,37309.6497953194,75172.8142237109,937786776176.929,16.0387406239215,100.0,100.0,0.429,0.36
developed-2002,Developed,canada-2002,2002,760649334098.005,1098098096475.24,35015.7949689871,30963.0530022941,38169.1063580352,75900.4093182799,971003788233.131,15.7090594100464,100.0,100.0,0.43,0.353
developed-2003,Developed,canada-2003,2003,895540646634.787,1139947604898.36,36024.0992359873,32349.9436608677,39268.2124283808,76940.5826877759,1023682523002.92,14.6632534815922,100.0,100.0,0.43,0.35
developed-2004,Developed,canada-2004,2004,1026690238278.25,1184565482255.99,37086.4492996776,33925.7067319515,40426.2313340311,78688.62647784,1083609294356.44,14.2955430912374,100.0,100.0,0.408,0.361
developed-2005,Developed,canada-2005,2005,1173108598778.68,1243744725655.28,38573.1997654019,36327.2286544972,42046.8695832654,81587.8784935091,1171326187910.13,13.3747616196987,100.0,100.0,0.398,0.341
developed-2013,Developed,canada-2013,2013,1846597421834.98,1503174217512.03,42846.2841957958,44298.5787342765,46704.7622355677,90205.5332726414,1554125000000.0,9.58849235825594,100.0,100.0,0.334,0.361
developed-2014,Developed,canada-2014,2014,1805749878439.94,1546315859831.59,43635.0954811371,45753.7505547994,47564.609109622,92244.9164516637,1621395561291.92,9.42615082382699,100.0,100.0,0.327,0.348
developed-2015,Developed,canada-2015,2015,1556508816217.14,1556508816217.14,43596.1355365546,44670.0805385838,47522.1406673151,92296.0327550444,1594851775821.65,9.9754225443394,100.0,100.0,0.324,0.335
developed-2016,Developed,canada-2016,2016,1527994741907.43,1572095608554.66,43536.9134032467,46472.3402486315,47457.5853457244,92339.4316478829,1678092366067.54,9.92800413520787,100.0,100.0,0.32,0.367
developed-2017,Developed,canada-2017,2017,1649265644244.09,1619885432081.64,44325.4883367463,48317.1745835151,48317.1745835151,93246.7272655327,1765762548007.76,9.68457578828024,100.0,100.0,0.316,0.358
developed-2018,Developed,canada-2018,2018,1725329192783.02,1664870307455.57,44917.4837282326,49992.7622757708,48962.4815108923,94483.1287524598,1852985933143.48,9.86607158831886,100.0,100.0,0.315,0.344
developed-2000,Developed,croatia-2000,2000,21839780971.0268,39345635026.6593,8805.50039515219,10683.6035193701,18362.1050911661,52145.1892748939,47737566972.8085,16.6606354037366,100.0,100.0,0.206,0.426
developed-2001,Developed,croatia-2001,2001,23273640257.1968,40538790726.3889,9428.4107203318,11655.644078154,19661.0596468456,56725.8052499198,50115096815.4821,16.3526788308009,100.0,100.0,0.212,0.446
developed-2002,Developed,croatia-2002,2002,27074550257.8118,42858450411.7988,9962.04486657184,12769.7752890383,20773.846636088,57409.9822885349,54937795234.3429,15.2295658018864,100.0,100.0,0.213,0.417
developed-2003,Developed,croatia-2003,2003,34985749883.4171,45226785549.9551,10509.549672237,13682.122115102,21915.5581037381,60495.1477128914,58879630628.0077,14.8561402385988,100.0,100.0,0.216,0.394
developed-2004,Developed,croatia-2004,2004,41958833541.0995,47103397210.0716,10942.572413249,14675.2614480684,22818.5401854497,61472.8805524702,63171130429.3551,15.029086318425,100.0,100.0,0.201,0.45
developed-2005,Developed,croatia-2005,2005,45780237257.1867,49134684669.976,11399.7753370191,15436.6444120023,23771.9451888582,65046.9125705913,66534175729.1696,14.3023671612972,100.0,100.0,0.196,0.439
developed-2013,Developed,croatia-2013,2013,58889082315.336,49097288862.4178,11536.8601564677,22081.0977857438,24057.8080868379,67232.3834522798,93970284954.7143,12.6399156110699,100.0,100.0,0.157,0.327
developed-2014,Developed,croatia-2014,2014,58330289756.6914,48927438241.1142,11543.87627967,22325.0765880566,24072.4388046611,65158.1592909497,94622359034.9767,12.7534006786541,100.0,100.0,0.149,0.314
developed-2015,Developed,croatia-2015,2015,50163192883.1515,50163192883.1515,11933.3773788281,23301.2728639377,24884.6652307486,65882.6719697456,97949323815.94,12.7756525093805,100.0,100.0,0.149,0.29
developed-2016,Developed,croatia-2016,2016,52295158344.2544,51935173677.1936,12441.5025378073,25210.9829651516,25944.2583430013,67986.3305089597,105239441529.598,12.8974559086743,100.0,100.0,0.148,0.273
developed-2017,Developed,croatia-2017,2017,56214427431.2,53708288421.7449,13021.671657152,27154.0846858541,27154.0846858541,69255.1247070086,111997864063.431,12.763583361614,100.0,100.0,0.146,0.289
developed-2018,Developed,croatia-2018,2018,62247874948.8225,55265833941.4365,13519.5588337019,28877.2382842567,28192.3285390241,70353.2581438457,118045616379.631,12.3130757572138,100.0,100.0,0.134,0.288
developed-2019,Developed,croatia-2019,2019,62246206340.5469,57190160216.5408,14068.0445267591,30543.996342705,29336.0854506088,71958.0153851384,124169072764.171,11.9159365010512,100.0,100.0,0.131,0.279
developed-2000,Developed,france-2000,2000,1365639660792.16,2046499571261.18,33597.3662427446,26090.6344736521,39732.2824515749,97978.2047761851,1589245772376.34,14.4775579354586,100.0,100.0,0.151,0.228
developed-2001,Developed,france-2001,2001,1377657339291.34,2087096421588.52,34015.3809173194,27490.0517282233,40226.6270677305,97720.8070433987,1686718979590.94,14.0304251722793,100.0,100.0,0.149,0.24
developed-2002,Developed,france-2002,2002,1501409382971.38,2110796058518.4,34152.3658925504,28523.8861886505,40388.6256508389,97715.9569220537,1762926373243.27,13.5850900821184,100.0,100.0,0.145,0.226
developed-2003,Developed,france-2003,2003,1844544792036.86,2128171303325.76,34190.3029345668,28172.6956506635,40433.4900386568,96101.4875295261,1753606060052.07,13.0939137751078,100.0,100.0,0.146,0.218
developed-2004,Developed,france-2004,2004,2119633181634.37,2188393293109.35,34899.8763766384,29060.4509858357,41272.6323754944,98915.2644362608,1822232702082.18,12.6847177173494,100.0,100.0,0.143,0.199
developed-2005,Developed,france-2005,2005,2196945232435.8,2224791087607.91,35213.893088874,30498.5768807102,41643.9888864457,99277.1856122359,1926880446239.76,12.2492999340282,100.0,100.0,0.141,0.206
developed-2013,Developed,france-2013,2013,2811876903329.03,2389493466482.81,36205.1678224014,39523.8551519345,42816.2714819044,103292.325086266,2608522466158.15,10.3543424795802,100.0,100.0,0.117,0.183
developed-2014,Developed,france-2014,2014,2855964488590.19,2412341398046.84,36378.6186614699,40144.0268283679,43021.3946358903,104773.165067108,2662033396692.53,10.2804260000512,100.0,100.0,0.105,0.17
developed-2015,Developed,france-2015,2015,2439188643162.5,2439188643162.5,36652.9223052178,40849.9973780501,43345.7864281559,105727.3493844,2718496736713.76,10.4336636293504,100.0,100.0,0.106,0.161
developed-2016,Developed,france-2016,2016,2472964344587.17,2465909086487.94,36956.7958003293,42924.613626021,43705.1475593257,106470.88710102,2864106383742.44,10.2830230483558,100.0,100.0,0.105,0.167
developed-2017,Developed,france-2017,2017,2595151045197.65,2522413420333.78,37694.0833027304,44577.0645745394,44577.0645745394,107997.74297846,2983008898740.32,10.136285162817,100.0,100.0,0.104,0.145
developed-2018,Developed,france-2018,2018,2790956878746.66,2569458097202.24,38291.8657809431,46576.6018489382,45284.0027939624,109074.734552828,3125379876905.32,9.97175143633537,100.0,100.0,0.099,0.139
developed-2019,Developed,france-2019,2019,2728870246705.88,2616812485718.01,38912.3312648593,49072.3638300842,46017.7659610004,110592.531486091,3300063763854.41,10.0078149517873,100.0,100.0,0.095,0.129
developed-2000,Developed,germany-2000,2000,1947981991011.77,2835481139992.39,34490.0757688619,27199.0440906856,42928.1813366719,96215.267035985,2236074430853.75,20.5459700629181,100.0,100.0,0.231,0.185
developed-2001,Developed,germany-2001,2001,1945790973803.15,2883158861645.24,35011.068457503,28368.543282612,43576.6365260124,97269.7140456262,2336147411682.35,20.3411674813812,100.0,100.0,0.232,0.172
developed-2002,Developed,germany-2002,2002,2078484517474.51,2877450961484.29,34883.0580735445,29178.6374658122,43417.3079988044,97719.6685692075,2406901890705.46,19.7899113788146,100.0,100.0,0.229,0.175
developed-2003,Developed,germany-2003,2003,2501640388482.35,2857305447168.18,34619.6640670185,29908.1395291325,43089.4738197519,97944.734651888,2468443651729.98,19.8395709835095,100.0,100.0,0.231,0.181
developed-2004,Developed,germany-2004,2004,2814353869359.08,2890881304361.69,35034.0806086181,31333.8363031281,43605.2786723109,100632.558809701,2585550983186.35,20.0338560543111,100.0,100.0,0.224,0.171
developed-2005,Developed,germany-2005,2005,2846864211175.1,2912034089955.56,35310.4704669272,31794.0960095207,43949.2881791796,98956.7266937284,2622040720917.68,20.0697457949316,100.0,100.0,0.217,0.165
developed-2013,Developed,germany-2013,2013,3733804649549.03,3236712633454.9,40135.0158319837,44993.8927459315,49954.173749339,100776.178274572,3628559701800.76,19.925196080175,100.0,100.0,0.19,0.143
developed-2014,Developed,germany-2014,2014,3889093051023.52,3308229204839.04,40851.1617304855,47011.5510935131,50845.5269954271,102109.642688161,3807112936430.42,20.2243947763055,100.0,100.0,0.176,0.132
developed-2015,Developed,germany-2015,2015,3357585719351.56,3357585719351.56,41103.2564363768,47609.7810045816,51159.2974643888,102719.615414165,3889081660716.44,20.3478973491332,100.0,100.0,0.175,0.137
developed-2016,Developed,germany-2016,2016,3469853463945.53,3432459876455.05,41682.0322433511,50579.6839299266,51879.6725937905,102312.481676658,4165169650070.14,20.6618730740029,100.0,100.0,0.172,0.129
developed-2017,Developed,germany-2017,2017,3690849152517.65,3524457734041.38,42639.5544087286,53071.4555699913,53071.4555699913,104081.009933525,4386727409191.68,20.3903390100271,100.0,100.0,0.164,0.127
developed-2018,Developed,germany-2018,2018,3977289455388.23,3562734209022.97,42973.2899573032,55235.366304833,53486.8405707004,104580.617133421,4579331237558.63,20.0381844851033,100.0,100.0,0.157,0.125
developed-2019,Developed,germany-2019,2019,3888326788627.44,3600339162422.63,43329.0506893066,55652.8874913932,53929.6392852715,104313.414265043,4624363265512.61,19.4391581614292,100.0,100.0,0.145,0.122
developed-2000,Developed,greece-2000,2000,130457756628.436,201451412978.755,18642.8828810169,19516.1972208894,29133.9657170072,73928.0369810536,210888280059.065,9.49262695869618,100.0,100.0,0.279,0.415
developed-2001,Developed,greece-2001,2001,136309295225.34,209774603668.867,19312.4704863527,20954.7818531943,30180.3565817082,76860.5529064011,227613606520.601,9.93917178171169,100.0,100.0,0.274,0.383
developed-2002,Developed,greece-2002,2002,154564203586.954,218003793098.346,19996.6385225004,22615.9356074635,31249.5328586291,78662.6943262374,246559427543.151,9.83591206021771,100.0,100.0,0.265,0.345
developed-2003,Developed,greece-2003,2003,202370140236.265,230636089981.835,21104.9242896354,23896.6057015271,32981.4945809889,81776.2691515706,261143779868.687,9.15480276133069,100.0,100.0,0.26,0.329
developed-2004,Developed,greece-2004,2004,240963562236.127,242308566125.364,22118.2517071541,25460.4527360606,34565.061158675,85315.0274774635,278922849647.379,8.74617036964414,100.0,100.0,0.246,0.311
developed-2005,Developed,greece-2005,2005,247875422204.414,243760338223.95,22185.6168144417,25577.5241052346,34670.3352591864,85390.6549766407,281028288686.782,8.58648488278935,100.0,100.0,0.249,0.304
developed-2013,Developed,greece-2013,2013,238907690051.13,195139720340.78,17796.2576680722,25986.6503155014,27810.9112255691,86515.8662723483,284949103892.689,7.61416027339339,100.0,100.0,0.226,0.331
developed-2014,Developed,greece-2014,2014,235458133124.608,196067992081.695,18000.4184639065,26625.0618096799,28129.9613244489,86530.8779658689,290011169381.561,7.63352131172285,100.0,100.0,0.214,0.334
developed-2015,Developed,greece-2015,2015,195683527003.375,195683527003.375,18083.8779056547,26760.3633030256,28260.3866739065,84715.2800854961,289570760339.534,8.29439207758571,100.0,100.0,0.211,0.349
developed-2016,Developed,greece-2016,2016,193148146586.933,194730209118.466,18070.7807322854,27511.8010160972,28239.9192063819,82693.8075980367,296466369907.234,8.09983365863168,100.0,100.0,0.207,0.376
developed-2017,Developed,greece-2017,2017,199844406013.531,196856953384.064,18304.3076770645,28604.8609402657,28604.8609402657,81541.9310532534,307636097252.196,8.10803382721332,100.0,100.0,0.205,0.284
developed-2018,Developed,greece-2018,2018,212049447242.111,200141371166.33,18647.4957207515,29617.5483399732,29141.1743829385,80977.0372996283,317881651462.228,8.17254117278729,100.0,100.0,0.197,0.259
developed-2019,Developed,greece-2019,2019,205144152830.847,203751111442.283,19003.829047083,30356.2663953863,29698.0304753909,80275.3958194059,325467199371.978,7.99111266337693,100.0,100.0,0.178,0.231
developed-2000,Developed,hungary-2000,2000,47218405892.4258,91597630064.5288,8970.51123390017,11853.1785173624,19415.0234727981,50407.9476584106,121032462098.611,19.1070629265031,100.0,100.0,0.269,0.34
developed-2001,Developed,hungary-2001,2001,53749989092.0197,95329401340.6961,9357.41744068423,13207.9221677974,20252.4108736517,52606.7596769986,134556710886.521,19.1747160474586,100.0,100.0,0.266,0.337
developed-2002,Developed,hungary-2002,2002,67608919144.3684,99849237020.3969,9829.02746325056,14526.3882629125,21273.1241216915,54994.2166870399,147567884018.729,18.5576641407964,100.0,100.0,0.251,0.316
developed-2003,Developed,hungary-2003,2003,85302003908.042,103927602409.315,10259.8419366735,15481.3201097675,22205.5428987082,56427.0182453925,156818837080.535,18.5747784380226,100.0,100.0,0.253,0.283
developed-2004,Developed,hungary-2004,2004,104141042625.791,109124448461.958,10796.761861554,16272.0058268918,23367.6074313487,59528.9701690335,164463538605.247,18.9512071023051,100.0,100.0,0.234,0.264
developed-2005,Developed,hungary-2005,2005,113236711635.539,113811647409.449,11282.929911669,17112.2021738707,24419.828855367,62077.0649486478,172611895620.975,19.0111170471803,100.0,100.0,0.223,0.254
developed-2013,Developed,hungary-2013,2013,135732595721.853,115846025793.633,11709.801434339,24556.7153473909,25343.7138398913,63263.4884980235,242941598582.397,18.7074747594112,100.0,100.0,0.161,0.238
developed-2014,Developed,hungary-2014,2014,141078984816.675,120739043970.895,12237.3116672445,25699.7504973846,26485.4128230327,62521.4379603541,253565765890.429,19.4320090682347,100.0,100.0,0.154,0.208
developed-2015,Developed,hungary-2015,2015,125210324613.14,125210324613.14,12720.7120220668,26806.5952452257,27531.6440790804,63062.4813674498,263858067583.423,20.2094488761259,100.0,100.0,0.158,0.207
developed-2016,Developed,hungary-2016,2016,128636108315.474,127954885306.937,13037.9646865447,27947.6376911698,28218.2791845991,62349.344961275,274278759096.808,19.6017205027461,100.0,100.0,0.158,0.206
developed-2017,Developed,hungary-2017,2017,143136245596.988,133416713057.02,13630.6882407458,29501.1204204706,29501.1204204706,63885.4054758831,288755963637.472,19.1232751964246,100.0,100.0,0.158,0.223
developed-2018,Developed,hungary-2018,2018,160586833778.457,140567177109.717,14379.4442049294,31913.0746552476,31121.6651409416,66566.9133976389,311968303729.151,18.5008949486035,100.0,100.0,0.15,0.221
developed-2019,Developed,hungary-2019,2019,163526491433.29,146968695014.007,15041.0985793785,33514.9417935891,32553.6944730337,68987.949219398,327479221871.952,17.4854477987974,100.0,100.0,0.143,0.215
developing-2000,Developing,india-2000,2000,468394937262.37,800534271756.884,757.668747182558,2095.64700617136,2578.59152976725,7312.98581964116,2214209383960.06,15.927023018209,58.7214736938477,47.2353248596191,0.327,1.725
developing-2001,Developing,india-2001,2001,485441014538.638,839151774957.445,780.606234028334,2206.44816483846,2656.65520801002,7477.90201774718,2371931984607.47,15.3070212831531,55.7999992370605,43.4835777282715,0.317,1.68
developing-2002,Developing,india-2002,2002,514937948870.08,871072901385.714,796.724785582021,2287.63002432831,2711.51184643283,7567.41029906052,2501105223095.37,15.5587017264204,62.2999992370605,51.4744987487793,0.315,1.722
developing-2003,Developing,india-2003,2003,607699285433.872,939542554364.62,845.274844474197,2472.10373642451,2876.74338210669,7972.18285269986,2747800522348.92,15.5873866487019,64.0474853515625,53.5326080322266,0.3,1.538
developing-2004,Developing,india-2004,2004,709148514804.659,1013981915397.82,897.628232696276,2695.89367354208,3054.9188762472,8395.11562548626,3045344755474.08,15.8272457405027,64.4000015258789,53.6361465454102,0.298,1.473
developing-2005,Developing,india-2005,2005,820381595512.902,1094324068978.9,953.567972961256,2953.10925891283,3245.29988504694,8844.20838250661,3389017492184.65,15.9730170447011,67.5798110961914,57.7223052978516,0.289,1.507
developing-2013,Developing,india-2013,2013,1856722121394.53,1813453059872.84,1415.82872156692,5057.23341374821,4818.52255700075,14154.0356268532,6477517561942.86,15.253022692764,81.9993286132813,75.2198638916016,0.302,1.695
developing-2014,Developing,india-2014,2014,2039127446298.55,1947834059120.86,1503.42150701848,5233.88234251319,5116.62910484768,15104.8224989288,6781021982581.72,15.0655701110797,83.8724975585938,77.5819320678711,0.306,1.676
developing-2015,Developing,india-2015,2015,2103587813812.75,2103587813812.75,1605.60544457087,5464.85917800941,5464.39405731625,16216.9324063896,7159798324012.18,15.5838545863713,88.0,83.3679351806641,0.284,1.487
developing-2016,Developing,india-2016,2016,2294797980509.01,2277266450219.57,1719.31807624217,5839.86481675337,5851.39488049329,17452.6416720052,7735001687457.93,15.162237133123,89.2177963256836,84.7639541625977,0.267,1.435
developing-2017,Developing,india-2017,2017,2651472946374.91,2432015436983.77,1816.73087569391,6182.92210857444,6182.92210857444,18541.7102425468,8276934253114.33,15.0182387501718,92.1249465942383,88.7640762329102,0.265,1.444
developing-2018,Developing,india-2018,2018,2701111782775.03,2590898738237.41,1915.43527124637,6675.36129410783,6518.84505546755,19673.8430501926,9029375940711.86,14.8532644152649,95.6999969482422,93.9461441040039,0.262,1.349
developing-2019,Developing,india-2019,2019,2870504096717.77,2695611314661.46,1972.75782082376,6997.86398824082,6713.93221110725,20062.9852912792,9562005607605.22,13.3274418815439,97.3082656860352,96.0302124023438,0.252,1.416
developing-2000,Developing,indonesia-2000,2000,165021012077.81,395012383689.125,1867.54879635774,4743.94471656535,5689.26022293799,12898.6690960223,1003409878357.44,22.6597512078726,86.3000030517578,79.6350631713867,0.212,0.592
developing-2001,Developing,indonesia-2001,2001,160446947784.909,409404527351.182,1909.29186789858,4956.36110518706,5816.42541239047,13264.7813426812,1062779719417.25,30.7545972173123,86.2600021362305,79.1801910400391,0.22,0.619
developing-2002,Developing,indonesia-2002,2002,195660611165.183,427825583308.405,1968.30112833041,5190.36506184994,5996.1899458873,13953.1134655889,1128166279136.92,31.9532784940709,87.5999984741211,81.1517181396484,0.215,0.558
developing-2003,Developing,indonesia-2003,2003,234772463823.808,448277225387.513,2034.76146206165,5465.26410319843,6198.65326777627,14471.6227748545,1204049454381.46,28.2528418444569,87.9400024414063,79.841064453125,0.226,0.681
developing-2004,Developing,indonesia-2004,2004,256836875295.452,470829487520.977,2108.64179486102,5816.18175310762,6423.72071419191,15073.9012801291,1298670016319.68,28.0658265856536,89.0100021362305,82.9076232910156,0.22,0.666
developing-2005,Developing,indonesia-2005,2005,285868618224.017,497631791817.584,2199.09391371933,6254.61438201153,6699.27209089739,16115.1398474262,1415353361050.54,27.4075074800459,85.0383224487305,75.1400146484375,0.209,0.65
developing-2013,Developing,indonesia-2013,2013,912524136718.018,781691322850.807,3104.3479997837,10067.465744305,9457.0185409728,20577.8924302175,2535041372928.96,21.0286886817218,96.4642562866211,92.9942016601563,0.175,0.443
developing-2014,Developing,indonesia-2014,2014,890814755233.225,820828015498.845,3217.31746802671,10278.1773057998,9801.16628336906,21227.4025367559,2622251600815.57,21.0751760505565,97.0100021362305,93.9762496948242,0.181,0.484
developing-2015,Developing,indonesia-2015,2015,860854235065.079,860854235065.079,3331.69511469189,10247.2063381531,10149.6038700252,22004.8022397706,2647706548803.03,20.9857874310206,97.5373687744141,94.9177627563477,0.175,0.524
developing-2016,Developing,indonesia-2016,2016,931877364177.742,904181624278.983,3456.9281144563,10494.4738000481,10531.1109693569,22805.763002934,2744896640112.26,20.5229746805052,97.620002746582,95.0620040893555,0.163,0.427
developing-2017,Developing,indonesia-2017,2017,1015618742565.81,950021696789.269,3589.71554262199,10935.6317158256,10935.6317158256,23317.555108924,2894125530220.37,20.1600223614347,98.1399993896484,96.0303573608398,0.166,0.475
developing-2018,Developing,indonesia-2018,2018,1042271531011.99,999178589070.128,3732.86711146592,11644.7585390353,11371.7255560847,23939.6979329984,3116958911116.03,19.8631933835963,98.5100021362305,96.8134078979492,0.177,0.537
developing-2019,Developing,indonesia-2019,2019,1119091259074.62,1049318966508.58,3877.38297656325,12311.5032732923,11811.9755589147,24351.1162619663,3331807553957.09,19.7036906672572,98.8499984741211,97.5271682739258,0.183,0.689
developed-2000,Developed,italy-2000,2000,1146676894209.73,1842128690356.25,32350.9043668747,27072.4213631819,43053.93306429,117053.470877674,1541560741083.81,17.5732447081299,100.0,100.0,0.172,0.253
developed-2001,Developed,italy-2001,2001,1168023426056.38,1878075465645.74,32963.6706090266,28033.7358660572,43869.4279411713,117134.881565054,1597196870606.33,17.1425651051331,100.0,100.0,0.168,0.245
developed-2002,Developed,italy-2002,2002,1276769338449.3,1882844706806.09,32998.2031900081,28736.5771073504,43915.385340484,115571.817440818,1639680554324.34,16.8062139786674,100.0,100.0,0.17,0.243
developed-2003,Developed,italy-2003,2003,1577621707050.51,1885454835881.29,32897.3907788976,29196.9278993071,43781.2199783421,113648.989568417,1673369455669.35,16.1305152989919,100.0,100.0,0.177,0.271
developed-2004,Developed,italy-2004,2004,1806542968545.56,1912296060780.0,33150.4762169416,29554.6890881879,44118.0366368665,112315.839422298,1704871904435.45,15.8961977361723,100.0,100.0,0.179,0.238
developed-2005,Developed,italy-2005,2005,1858217147203.73,1927935754486.25,33257.7698032684,30130.6444569128,44260.8274173515,113797.394088361,1746657911754.7,15.5488023080333,100.0,100.0,0.178,0.23
developed-2013,Developed,italy-2013,2013,2141924094298.56,1822536356977.15,30257.6274259351,36314.6971007775,40268.1127892773,109167.823797391,2187377576803.98,13.8800198145864,100.0,100.0,0.139,0.145
developed-2014,Developed,italy-2014,2014,2162009615996.54,1822453476364.22,29979.9187217358,36194.873918843,39898.5264609826,108096.762487427,2200255257934.9,13.976239236242,100.0,100.0,0.132,0.133
developed-2015,Developed,italy-2015,2015,1836637711060.55,1836637711060.55,30242.3861352184,36899.3852092463,40247.8290437942,108118.165834409,2240921139199.72,14.395371385594,100.0,100.0,0.135,0.129
developed-2016,Developed,italy-2016,2016,1877071687633.78,1860393935366.87,30685.645898943,39926.9546628592,40837.7376281437,108133.624356811,2420671363968.59,14.7910338728902,100.0,100.0,0.132,0.125
developed-2017,Developed,italy-2017,2017,1961796197354.36,1891422683817.38,31244.2270989224,41581.120790548,41581.120790548,108661.890664492,2517184209191.25,14.9138704248918,100.0,100.0,0.128,0.111
developed-2018,Developed,italy-2018,2018,2091932426266.98,1908933681964.96,31593.4802621599,43036.2437770367,42045.9214694407,108715.601702818,2600325592797.6,15.0097787546873,100.0,100.0,0.125,0.11
developed-2019,Developed,italy-2019,2019,2009383867307.45,1916765622508.59,32090.9947117484,44334.2003275855,42708.0344529972,109477.615716992,2648041042436.58,14.8720156926026,100.0,100.0,0.121,0.107
developed-2000,Developed,japan-2000,2000,4968359075956.59,3986755544464.21,31430.6311303282,27287.2701912718,36323.0952973411,71669.4278775644,3461199212871.49,22.4522088081884,100.0,100.0,0.254,0.298
developed-2001,Developed,japan-2001,2001,4374711694090.87,4002148544213.45,31476.052066579,27942.346651133,36375.5864162464,72325.7993622376,3552841434344.91,21.1197171693841,100.0,100.0,0.25,0.307
developed-2002,Developed,japan-2002,2002,4182846045873.61,4003827945768.8,31416.1241772435,28623.5884479367,36306.330204805,73187.1628406672,3647933229747.3,20.7147020460507,100.0,100.0,0.259,0.315
developed-2003,Developed,japan-2003,2003,4519561645253.53,4065291729511.6,31830.2175849262,29392.2489916186,36784.8810250825,74422.52043675,3753919256711.54,20.9171312937455,100.0,100.0,0.257,0.298
developed-2004,Developed,japan-2004,2004,4893116005656.56,4154163710034.48,32515.1158024317,30830.6584466434,37576.3898917125,75887.2696682962,3938955753801.61,21.1205912192442,100.0,100.0,0.25,0.282
developed-2005,Developed,japan-2005,2005,4831467035389.8,4229100705435.47,33098.5474664872,32169.867493646,38250.6380111696,76890.5411191076,4110440479265.64,21.4233723857104,100.0,100.0,0.246,0.271
developed-2013,Developed,japan-2013,2013,5212328181166.18,4363702302795.86,34239.8862473683,39402.0250988025,39569.636574469,80047.1495855399,5021591088716.88,19.3290316543759,100.0,100.0,0.248,0.243
developed-2014,Developed,japan-2014,2014,4896994405353.29,4376627829637.51,34386.905855287,39555.4120089198,39739.5411241697,79844.3137118866,5034454618847.27,19.5936092334203,100.0,100.0,0.238,0.23
developed-2015,Developed,japan-2015,2015,4444930651964.18,4444930651964.18,34960.6393843385,40898.80697396,40402.581505529,80651.1303326174,5199915217476.25,20.4624703758492,100.0,100.0,0.228,0.215
developed-2016,Developed,japan-2016,2016,5003677627544.24,4478437728055.55,35264.8133591817,40623.0186579214,40754.102931535,80491.4540807722,5158900389806.61,20.2880385682684,100.0,100.0,0.225,0.208
developed-2017,Developed,japan-2017,2017,4930837369151.42,4553466417292.21,35914.6412692599,41505.0824777862,41505.0824777862,80953.3523216851,5262254961496.86,20.4359460686022,100.0,100.0,0.217,0.2
developed-2018,Developed,japan-2018,2018,5036891740656.35,4578913522439.24,36188.6200284301,42202.4011166689,41821.7085276266,79808.0915574559,5339831831131.11,20.6867046776855,100.0,100.0,0.209,0.192
developed-2019,Developed,japan-2019,2019,5148781948478.17,4591290538384.75,36362.3573229906,42616.5711388733,42022.4896153768,79303.448187154,5380978414306.42,20.3066989507667,100.0,100.0,0.202,0.189
developing-2000,Developing,jordan-2000,2000,8460424400.56418,18378624310.5935,3587.82669589595,5937.2120557616,8741.7274099193,41687.4159340167,30413339069.5785,13.4561299086901,98.9342727661133,96.3346633911133,0.34,0.789
developing-2001,Developing,jordan-2001,2001,8975689844.8519,19347169978.2158,3708.25257262257,6271.09480683764,9035.1446445502,43501.3396079856,32718358526.3686,13.532588362287,98.9780654907227,96.6705169677734,0.319,0.698
developing-2002,Developing,jordan-2002,2002,9582453032.44006,20466173164.9974,3848.82356021958,6611.77107475455,9377.64537255967,45415.2892823931,35158185254.8024,14.5377234529168,99.5,98.7785110473633,0.312,0.585
developing-2003,Developing,jordan-2003,2003,10195660789.8449,21317907139.5809,3923.03384438029,6864.40892478109,9558.45847478885,45708.9568602654,37301445215.9817,14.9766276162036,99.0452499389648,97.238899230957,0.309,0.585
developing-2004,Developing,jordan-2004,2004,11411390409.0268,23144258034.5823,4147.53736166274,7452.61881488401,10105.4605228243,48455.4942126263,41587409068.1872,16.236171519813,99.1734390258789,97.9044189453125,0.305,0.61
developing-2005,Developing,jordan-2005,2005,12588665303.244,25029726977.2841,4341.18871772653,8043.57046247319,10577.2913861175,50936.2860308541,46376323557.6834,15.98086137375,99.1008911132813,97.4643325805664,0.303,0.618
developing-2013,Developing,jordan-2013,2013,34454440140.8451,36414839440.0743,4274.54790896321,9322.30245386442,10414.9212846708,47510.9365863528,79416620026.0514,19.2766708352661,99.7014389038086,97.5779342651367,0.252,0.276
developing-2014,Developing,jordan-2014,2014,36847643521.1268,37647146046.4738,4221.08951680769,9181.04637245796,10284.6700959691,46129.1595936965,81884118369.6983,18.8479383295667,99.7484970092773,97.5945587158203,0.262,0.337
developing-2015,Developing,jordan-2015,2015,38587017887.3239,38587017887.3239,4164.10876894014,9464.68224216374,10145.8366996846,45609.7624085457,87705168918.814,18.3616202496653,99.8981704711914,98.9717025756836,0.252,0.26
developing-2016,Developing,jordan-2016,2016,39892551126.7606,39356512808.3494,4119.25211453262,9445.91686299562,10036.5436154339,45779.6645695683,90248991241.283,18.0054087756501,99.9588241577148,99.5662994384766,0.241,0.301
developing-2017,Developing,jordan-2017,2017,41408960845.0704,40177928314.0421,4105.72095129719,10003.5749827297,10003.5749827297,46696.7270532546,97893384208.996,18.0487582564544,100.0,100.0,0.249,0.227
developing-2018,Developing,jordan-2018,2018,42932112676.0563,40955006291.3653,4109.75242860846,10253.8174501169,10013.3976633388,47581.499888764,102182592619.634,17.8970628374965,99.9000015258789,98.8914794921875,0.23,0.221
developing-2019,Developing,jordan-2019,2019,44502895915.493,41755867661.2459,4133.54980467597,10497.2979196497,10071.379888314,46437.6967860155,106040522903.032,17.702056110221,100.0,100.0,0.224,0.222
developed-2000,Developed,latvia-2000,2000,7958852838.93395,15925336690.4285,6726.50490609639,8039.50636620464,12992.2036675547,32816.3236100868,19033933297.3078,13.6072703024973,100.0,100.0,0.225,0.459
developed-2001,Developed,latvia-2001,2001,8362398701.58943,16933134986.8055,7245.14476345557,9044.54639240756,13993.9534248194,34632.3982175506,21138642491.9432,13.6035000556153,100.0,100.0,0.224,0.415
developed-2002,Developed,latvia-2002,2002,9557031605.27512,18133200771.9988,7849.28261736191,10081.1918636281,15160.8420468907,36332.6143962434,23289297251.1733,13.5435470622558,100.0,100.0,0.209,0.386
developed-2003,Developed,latvia-2003,2003,11771975156.8073,19660468565.7148,8593.03114165918,11060.9427198934,16597.3878370165,39273.3569568443,25306939200.6937,12.3586145249902,100.0,100.0,0.199,0.393
developed-2004,Developed,latvia-2004,2004,14435700533.368,21288743084.4547,9406.80311731081,12278.5848367366,18169.1835012153,42293.0058675015,27787935472.885,12.2545998489824,100.0,100.0,0.183,0.371
developed-2005,Developed,latvia-2005,2005,17003459863.0989,23569880506.8348,10527.9127366212,13913.7883003324,20334.5999709979,46182.2555773357,31150175332.9959,11.4017206498476,100.0,100.0,0.168,0.356
developed-2013,Developed,latvia-2013,2013,30204783461.8488,25754168548.9922,12796.1677079946,22639.0683375842,24715.7207713883,55227.3823774857,45564452972.4338,11.0904254734602,100.0,100.0,0.138,0.276
developed-2014,Developed,latvia-2014,2014,31386896487.0407,26243522537.941,13162.6840536934,23815.8000623115,25423.6448831349,56476.587355003,47483513479.8355,10.5016667793965,100.0,100.0,0.133,0.274
developed-2015,Developed,latvia-2015,2015,27263090547.0617,27263090547.0617,13786.4567953114,24972.7860869932,26628.4581724293,57927.269831911,49384358752.2535,10.4679505550313,100.0,100.0,0.13,0.232
developed-2016,Developed,latvia-2016,2016,28083597512.4841,27908574080.4664,14242.4328198275,26721.7261996962,27509.1731143996,59438.4249765647,52362211192.1741,10.1664777131852,100.0,100.0,0.126,0.189
developed-2017,Developed,latvia-2017,2017,30483806017.8318,28833209947.6394,14845.2771981948,28673.5633962664,28673.5633962664,61167.4971819737,55691171159.2716,10.470181085517,100.0,100.0,0.12,0.173
developed-2018,Developed,latvia-2018,2018,34429023435.0211,29983505203.5851,15558.2761097779,30877.0419264807,30050.7164948447,62884.0710987329,59505432397.6235,10.5571478141466,100.0,100.0,0.125,0.203
developed-2019,Developed,latvia-2019,2019,34308783825.3019,30728393325.3996,16056.035161786,31883.2591148032,31012.135102478,64593.9582998343,61018882725.6109,10.611124884337,100.0,100.0,0.119,0.175
developing-2000,Developing,lebanon-2000,2000,17260364842.4544,25856298171.5442,6728.55030546793,8952.11692721899,14361.861140192,51711.140160523,34400962172.877,11.4142966948501,99.3515930175781,100.0,0.254,0.472
developing-2001,Developing,lebanon-2001,2001,17649751243.7811,26849094508.9295,6727.411986054,9146.92721256844,14359.431436227,51757.7198384734,36505377358.4334,11.3240876461082,99.346565246582,100.0,0.265,0.681
developing-2002,Developing,lebanon-2002,2002,19152238805.9701,27768179241.2287,6639.60261183483,9170.33142067268,14172.0053218205,50969.7558130355,38352205919.1944,10.8305624826822,99.3339538574219,100.0,0.256,0.435
developing-2003,Developing,lebanon-2003,2003,20082918739.6352,28664285672.7215,6531.86340664397,9189.06503845454,13942.0396629402,49905.821466771,40325090855.3231,10.7316267547481,99.3161087036133,100.0,0.247,0.565
developing-2004,Developing,lebanon-2004,2004,21159827992.0602,30578900759.0141,6692.1378470225,9667.99948282453,14284.1399895392,50957.6142399377,44176734472.8303,7.23433470149826,99.9000015258789,100.0,0.234,0.639
developing-2005,Developing,lebanon-2005,2005,21497336498.9462,31400182548.8178,6682.6515647035,9955.02055625405,14263.8918434725,50960.8340023122,46776262343.9248,7.5137321499024,99.2741088867188,99.3022766113281,0.217,0.598
developing-2013,Developing,lebanon-2013,2013,46909335550.6109,48584298663.1031,8216.50045646808,14976.7807369919,17537.8399888344,60640.8352169046,88557944126.3251,7.52520130893385,99.4955139160156,95.8682556152344,0.2,0.222
developing-2014,Developing,lebanon-2014,2014,48133414840.4075,49776391957.7016,7950.17189742762,15029.2750434859,16969.3707630788,59181.636760218,94098982393.9175,7.53385001054109,99.4823226928711,95.7049942016602,0.212,0.281
developing-2015,Developing,lebanon-2015,2015,50065946086.17,50065946086.17,7663.92023216349,15105.9569116377,16358.3763465949,57308.0883872401,98682397703.474,8.02613268898106,99.5831756591797,96.4955062866211,0.231,0.296
developing-2016,Developing,lebanon-2016,2016,51389318290.8642,50858016664.5081,7574.60354496752,15535.5046481724,16167.7329240484,56514.0058000552,104309743684.636,8.31098433728345,99.7256240844727,97.6617050170898,0.236,0.285
developing-2017,Developing,lebanon-2017,2017,53324800958.6119,51255733475.3685,7516.1944471095,16043.0606967963,16043.0606967963,55954.2024120342,109403614953.094,8.2928076898951,99.8798294067383,98.9614486694336,0.247,0.306
developing-2018,Developing,lebanon-2018,2018,55276157552.246,50383271292.7582,7345.13405424466,16054.3624558892,15677.9381224856,54373.6638355455,110123422264.826,7.65237913884033,99.6999969482422,97.3700332641602,0.237,0.316
developing-2019,Developing,lebanon-2019,2019,51953744507.4091,46777216084.3953,6823.10408513478,15179.5802077558,14563.6829579991,50005.1947874977,104066784646.533,7.41328263845444,99.9748687744141,99.7764511108398,0.256,0.282
developing-2000,Developing,mexico-2000,2000,707906744574.644,876437526455.268,8861.86956567291,11089.4899949864,17756.5664680698,46806.1387121704,1096748841633.21,18.9878518498964,98.0071334838867,93.7989959716797,0.205,0.293
developing-2001,Developing,mexico-2001,2001,756706300589.791,872893299631.652,8702.9848728584,11136.0219119709,17438.2085202562,46280.958569845,1116922418402.18,18.0518957738262,97.1383209228516,90.6665420532227,0.206,0.272
developing-2002,Developing,mexico-2002,2002,772106378935.377,872545499822.64,8580.88729814666,11187.4769618308,17193.5610804702,45778.4540956888,1137595954619.2,17.2675847902619,97.897087097168,92.9132537841797,0.211,0.301
developing-2003,Developing,mexico-2003,2003,729336319677.449,885165846839.51,8587.08855266964,11488.2956282873,17205.9865610425,45454.2427938711,1184225231425.39,16.6089869782365,97.4008560180664,91.6906967163086,0.218,0.309
developing-2004,Developing,mexico-2004,2004,782240601984.76,919869577686.507,8801.32190186818,12090.9912069056,17635.2468516088,46066.5533190447,1263689147984.32,16.6589751162367,98.5977020263672,96.0889053344727,0.215,0.322
developing-2005,Developing,mexico-2005,2005,877476221382.101,941098392797.58,8877.85129102564,12657.6376721808,17788.5891204455,45610.1469900383,1341775400309.42,15.7266043383479,98.932731628418,96.7655792236328,0.219,0.328
developing-2013,Developing,mexico-2013,2013,1274443084716.57,1103071549191.52,9282.99193347296,17373.8974567258,18600.3711821448,45292.8061729078,2064490858166.15,15.831823954908,99.1476974487305,96.7493515014648,0.203,0.335
developing-2014,Developing,mexico-2014,2014,1315351183524.54,1134506587182.86,9426.32458789743,18056.7898061476,18887.5674432127,46118.6616742988,2173227410899.1,15.915704549833,99.1729278564453,97.4269332885742,0.191,0.288
developing-2015,Developing,mexico-2015,2015,1171867608197.72,1171867608197.72,9616.64555810607,18301.5004690469,19268.9143963283,46533.3023558422,2230188837833.73,17.1616296069511,99.0,97.8517761230469,0.188,0.315
developing-2016,Developing,mexico-2016,2016,1078490651625.31,1202693965604.17,9751.56908337178,19323.6658689896,19539.2612488443,46846.0179805503,2383253006289.45,17.180450108818,99.5,98.3310699462891,0.185,0.29
developing-2017,Developing,mexico-2017,2017,1158913035796.37,1228108442202.22,9842.40071150603,19721.2609759241,19721.2609759241,47099.0787537146,2460766209923.96,17.4412489484376,100.0,100.0,0.181,0.313
developing-2018,Developing,mexico-2018,2018,1222408203104.3,1255065357728.63,9945.77684548009,20096.1566534339,19928.3961837399,47110.8754630305,2535949723291.33,17.5433645118774,99.5,98.2882080078125,0.169,0.25
developing-2019,Developing,mexico-2019,2019,1269433932805.91,1252848919131.02,9820.44855272379,19863.0272301481,19677.2753402017,45954.2482090539,2534036206427.55,17.3244913493297,99.5999984741211,98.2382049560547,0.167,0.252
developing-2000,Developing,morocco-2000,2000,38857251336.3448,51328694703.1319,1763.40073327221,3579.34995276316,4370.56244804006,14945.55547782,104186959602.84,18.4955086758582,69.5673828125,36.5221786499023,0.232,0.657
developing-2001,Developing,morocco-2001,2001,39459581217.3759,55085938450.0705,1869.6668547017,3878.29043834641,4633.94144695698,15536.1972553734,114265954836.287,16.8411804690396,71.347900390625,45.9024772644043,0.236,0.646
developing-2002,Developing,morocco-2002,2002,42236836820.6152,56805418286.3276,1905.07201479133,4014.23916540692,4721.69260880854,15733.5212001531,119696543291.712,16.8503472895946,73.1208343505859,49.0134201049805,0.237,0.594
developing-2003,Developing,morocco-2003,2003,52064058833.9739,60191681383.0782,1994.81539402596,4281.40038891461,4944.12023733474,16439.1482772958,129187236500.533,17.517002202941,74.8885269165039,52.1468620300293,0.222,0.447
developing-2004,Developing,morocco-2004,2004,59626020162.3816,63079087391.5193,2065.9991940102,4553.55713467899,5120.54822517084,16718.8522071248,139029206436.019,17.7803507577198,78.1999969482422,58.4416084289551,0.234,0.588
developing-2005,Developing,morocco-2005,2005,62343022650.8742,65155423664.6155,2109.06215157821,4793.26702800313,5227.27912399441,16991.5650665798,148078776964.196,16.8406484052819,78.4176177978516,58.302173614502,0.243,0.678
developing-2013,Developing,morocco-2013,2013,106825649872.108,94272490564.6266,2754.84919884651,6916.01303173881,6827.85270036133,21938.9137391852,236669859661.439,15.5131341997031,97.1999969482422,94.977912902832,0.22,0.541
developing-2014,Developing,morocco-2014,2014,110081248587.369,96789088975.0283,2788.72086992511,6609.60910787755,6911.80313254345,22414.1044655162,229401963793.421,16.4904860294626,91.5999984741211,86.1420288085938,0.223,0.415
developing-2015,Developing,morocco-2015,2015,101179808076.36,101179808076.36,2875.25798516781,7024.96308902663,7126.28408352933,23293.3829026849,247207179584.528,16.1369502505188,97.3000030517578,94.4866180419922,0.22,0.373
developing-2016,Developing,morocco-2016,2016,103311649248.024,102252168737.73,2867.01576143127,7113.00459986287,7105.85585478269,23616.6493725082,253685437088.192,15.678094488018,97.8000030517578,95.4180145263672,0.217,0.342
developing-2017,Developing,morocco-2017,2017,109682728023.112,106602592855.805,2950.21211552919,7312.05677903856,7312.05677903856,24786.4025503627,264212938334.625,15.6990531915394,100.0,100.0,0.219,0.374
developing-2018,Developing,morocco-2018,2018,118096227400.092,109958978323.143,3004.63222965656,7625.73575345848,7446.93622120704,25194.7270207921,279075124115.407,15.6752187488441,98.0999984741211,96.10400390625,0.218,0.353
developing-2019,Developing,morocco-2019,2019,119870439113.662,112826637548.359,3044.90623115894,7865.90652398288,7546.75473396895,25468.7669555619,291465062302.723,14.8971292654618,99.5999984741211,98.9278182983398,0.236,0.337
developing-2000,Developing,namibia-2000,2000,3922247989.85562,5607982809.41703,3124.95036976113,5202.65565659653,6804.86674705892,27205.4442119717,9336597396.18197,9.73959016013473,36.5,18.9317493438721,0.159,0.0
developing-2001,Developing,namibia-2001,2001,3557333364.30795,5674041969.71839,3111.33664738047,5293.6097178686,6775.22161489033,26912.6846293597,9653781353.35627,9.62278059308071,35.9668617248535,18.470874786377,0.199,0.0
developing-2002,Developing,namibia-2002,2002,3349184760.02543,5945752617.06193,3211.28360932938,5550.08102115218,6992.86531394458,27541.4970096305,10276080462.2027,9.42146187028967,36.9254760742188,19.1734027862549,0.164,0.0
developing-2003,Developing,namibia-2003,2003,4926471294.30116,6197840297.36377,3298.27971886937,5806.29946778991,7182.30734113984,28048.3623550576,10910692811.8171,11.3943880429537,37.8788528442383,19.8214359283447,0.168,0.0
developing-2004,Developing,namibia-2004,2004,6609198832.76313,6958287294.03789,3647.40385809883,6593.76263973393,7942.55725378717,30715.6576256832,12579164957.0381,10.5919607788378,38.8293418884277,20.4628791809082,0.157,0.0
developing-2005,Developing,namibia-2005,2005,7248394160.35502,7134280656.21559,3680.65921976375,6861.14612871679,8014.9738614059,30626.5294488107,13299069319.6298,10.488028634917,39.779296875,21.1009292602539,0.163,0.0
developing-2013,Developing,namibia-2013,2013,12043276397.1652,10247278347.7583,4587.97887615181,9735.53264349043,9990.74583476367,31756.1657121099,21744370572.4317,10.3182587782274,47.4000015258789,27.3082447052002,0.158,0.0
developing-2014,Developing,namibia-2014,2014,12435416060.2791,10871595744.4514,4782.0319396591,10467.228042144,10413.3142223463,33309.460044028,23796468378.9393,9.90856529052312,48.728515625,27.5433959960938,0.154,0.0
developing-2015,Developing,namibia-2015,2015,11335179562.0211,11335179562.0211,4896.61526001377,10633.294417575,10662.8299375379,35237.7804469162,24615023880.5389,11.4171848223968,51.5999984741211,31.2854843139648,0.157,0.0
developing-2016,Developing,namibia-2016,2016,10721994676.6562,11339010223.634,4808.65082400244,10427.1217565842,10471.2792904205,35798.7715652494,24587611895.3828,11.6787885338894,49.7000007629395,31.6359558105469,0.157,0.0
developing-2017,Developing,namibia-2017,2017,12895153160.466,11222530147.3361,4670.94926975065,10171.4214953612,10171.4214953612,34466.3034928054,24438091227.4492,12.220043443396,52.5,31.6101455688477,0.158,0.0
developing-2018,Developing,namibia-2018,2018,13682062249.2236,11341482622.8834,4632.39089281682,10329.6550239114,10087.45708442,33893.0982860519,25290094395.0424,12.298834816785,54.0028953552246,33.5966148376465,0.155,0.0
developing-2019,Developing,namibia-2019,2019,12496781719.7752,11240759011.0283,4506.17392778272,10227.5826241438,9812.60803830829,33012.8222907319,25512950317.9096,12.5650284945598,55.1770896911621,35.0044479370117,0.155,0.0
developing-2000,Developing,nepal-2000,2000,5494252207.90502,13462154914.154,562.303130451699,1354.49523634581,2077.65205573805,4189.75848050416,32428104548.3835,8.840859263007,29.0462665557861,20.377893447876,0.062,1.304
developing-2001,Developing,nepal-2001,2001,6007055042.17687,14108323830.938,579.465985595006,1426.45437388067,2141.0670348476,4308.53676378959,34730045830.217,8.69929482753759,24.6000003814697,14.6972455978394,0.064,1.43
developing-2002,Developing,nepal-2002,2002,6050875806.66403,14125274019.163,571.280767186389,1428.54947569054,2110.82349727443,4230.55326037073,35321778629.871,8.21342364558824,35.8874092102051,27.5307426452637,0.051,0.752
developing-2003,Developing,nepal-2003,2003,6330473096.54071,14682521413.9545,585.406948000011,1491.05904679104,2163.0182780212,4325.53054881178,37397073025.4804,7.88776001511485,39.2989501953125,31.2207469940186,0.054,0.905
developing-2004,Developing,nepal-2004,2004,7273938314.71988,15370045638.1838,604.659580152849,1581.55906917053,2234.15476758436,4452.32191960441,40202182964.6521,7.76396416201986,37.2000007629395,28.4514446258545,0.047,0.751
developing-2005,Developing,nepal-2005,2005,8130258041.46706,15904797352.8369,617.793989117554,1666.24845791235,2282.68505366778,4529.52101013264,42896733424.7245,7.61521652087165,46.1157302856445,38.6423416137695,0.052,1.123
developing-2013,Developing,nepal-2013,2013,22162208956.0893,22100659153.2493,821.0732055302,2702.22496263423,3033.78078654994,5723.10547880004,72735235363.1082,5.75041430387181,77.466194152832,73.5523376464844,0.061,1.127
developing-2014,Developing,nepal-2014,2014,22731602969.6861,23429236486.3272,870.781690344073,2947.31648725396,3217.44850964835,6031.34704333326,79300444354.3583,5.61219116107175,84.9000015258789,82.0555191040039,0.069,1.534
developing-2015,Developing,nepal-2015,2015,24360795410.1597,24360795410.1597,901.749607715071,2996.22046186766,3331.87176945857,6196.54865473264,80942994652.63,5.35605555714499,82.5239562988281,79.6443176269531,0.063,1.761
developing-2016,Developing,nepal-2016,2016,24524098184.4236,24466305357.2316,897.403788049837,2989.67500637537,3315.8144141419,6053.330916452,81508795259.0645,4.88818962712504,90.6999969482422,89.8119964599609,0.094,2.423
developing-2017,Developing,nepal-2017,2017,28971589213.134,26662713937.3486,964.897795203107,3565.19780740052,3565.19780740052,6442.26947945658,98515977278.9959,4.85567399451397,87.8963470458984,86.004150390625,0.103,2.382
developing-2018,Developing,nepal-2018,2018,33111525182.7133,28695046273.5598,1021.33187703376,3864.32212409671,3773.71591761441,6719.34619788898,108570881473.849,4.9064745398857,93.9199981689453,93.4699096679688,0.111,2.769
developed-2000,Developed,norway-2000,2000,171247131268.604,302860679962.798,67437.743355228,36936.4865054381,57127.3819959897,110493.884715054,165880541991.868,8.84631485925337,100.0,100.0,0.124,0.274
developed-2001,Developed,norway-2001,2001,173972218824.027,309144404257.518,68489.4679076266,37764.3084400157,58018.3114261599,112585.030355175,170458684985.429,8.91238670694864,100.0,100.0,0.126,0.258
developed-2002,Developed,norway-2002,2002,195524186477.617,313615418001.447,69106.3089683386,37980.3539761745,58540.8454427638,113516.259589355,172360885220.162,8.89639250082958,100.0,100.0,0.122,0.223
developed-2003,Developed,norway-2003,2003,228858506821.841,316469649684.82,69327.4265414388,38593.7083511957,58728.1569902155,116212.457502814,176174682535.497,8.84720963931561,100.0,100.0,0.131,0.271
developed-2004,Developed,norway-2004,2004,264511630666.983,329031642037.821,71654.636532036,42549.9438731467,60699.5665822807,120171.330756894,195385512770.541,8.52974167423809,100.0,100.0,0.128,0.268
developed-2005,Developed,norway-2005,2005,308884284051.222,337670104371.189,73036.740359019,47797.5299472052,61870.3645561435,123017.755921514,220981890027.144,8.15502814842509,100.0,100.0,0.121,0.228
developed-2013,Developed,norway-2013,2013,522761531914.894,371050738865.351,73046.9050292415,66961.2530988205,61878.9751793609,120627.736975955,340137921349.59,6.61771984068892,100.0,100.0,0.121,0.201
developed-2014,Developed,norway-2014,2014,498410050251.256,378358747545.727,73650.3135435049,65892.6892787813,62390.1303126574,121695.396763202,338506031929.012,6.80718437959077,100.0,100.0,0.118,0.191
developed-2015,Developed,norway-2015,2015,385801550067.169,385801550067.169,74355.5158575643,60368.9208717485,62987.5162863772,123466.327536284,313230605417.6,6.87381716448613,100.0,100.0,0.117,0.195
developed-2016,Developed,norway-2016,2016,368827142857.143,389935641211.119,74493.1179371245,58939.9126133093,63104.0807823312,124830.3231084,308522092432.707,6.56208160488137,100.0,100.0,0.113,0.202
developed-2017,Developed,norway-2017,2017,398393955268.99,398994977782.37,75610.6494832583,64050.7561654659,64050.7561654659,127372.225283009,337993790660.966,6.40038089666084,100.0,100.0,0.108,0.207
developed-2018,Developed,norway-2018,2018,436999692591.454,403459047225.38,75953.5819514803,69808.3294106839,64341.2586813606,126511.027926105,370815981929.882,5.99634204676553,100.0,100.0,0.107,0.203
developed-2019,Developed,norway-2019,2019,404941363636.364,406468037614.963,76005.224786526,66799.1647159421,64385.0059928545,126124.690895145,357234985787.728,6.18105763909702,100.0,100.0,0.101,0.199
developing-2000,Developing,peru-2000,2000,51744749133.213,87410449785.3084,3303.50093655937,5043.26718093489,6422.4805683104,15656.972337711,133444567184.575,15.2145262038719,72.4964981079102,11.089394569397,0.155,0.507
developing-2001,Developing,peru-2001,2001,52030158775.4055,87950552246.3255,3281.82409041992,5120.06880606732,6380.33766422578,14776.7334450943,137214203633.683,15.5812564716453,72.1131134033203,16.0957508087158,0.142,0.451
developing-2002,Developing,peru-2002,2002,54777553515.0809,92746961064.3748,3422.27535021908,5423.64423020835,6653.3950975905,14878.6179987163,146985987031.684,15.4989075774167,74.3826904296875,19.4595775604248,0.142,0.454
developing-2003,Developing,peru-2003,2003,58731030121.8671,96609893451.2561,3529.48734299659,5697.43212566785,6861.83061903476,14766.8541765832,155951348486.552,15.3985817546504,74.3809661865234,18.4972438812256,0.132,0.405
developing-2004,Developing,peru-2004,2004,66768703497.5687,101400008285.783,3670.69138102848,6084.89253463637,7136.35156146601,14998.4885082066,168090446562.508,16.3726500976155,75.6923599243164,20.8976974487305,0.146,0.436
developing-2005,Developing,peru-2005,2005,76060606060.6061,107773059976.197,3867.52739978327,6610.89170564893,7519.02906932011,15398.9836117145,184220033794.452,16.5516113723285,77.1736450195313,24.6324329376221,0.137,0.42
developing-2013,Developing,peru-2013,2013,201175469114.327,179549648065.8,6030.4202489314,11295.9632644083,11724.0035983902,21923.978499888,336325852091.006,14.831406515612,92.135368347168,69.9050140380859,0.129,0.285
developing-2014,Developing,peru-2014,2014,200789362451.567,183826803243.25,6109.15688391125,11510.2788763872,11877.0789320691,22235.2593963788,346348573214.234,13.9596976357841,92.9199905395508,72.7675018310547,0.135,0.286
developing-2015,Developing,peru-2015,2015,189805300841.603,189805300841.603,6229.10067398112,11572.3207931902,12110.2668971421,22935.6869953124,352617166513.571,13.7880201715375,93.852180480957,76.6926879882813,0.134,0.296
developing-2016,Developing,peru-2016,2016,191895943823.887,197308909322.23,6380.02585660284,12013.3773897006,12403.6871416862,23006.161879806,371526141635.466,13.3440281131691,94.1999969482422,77.9748382568359,0.136,0.262
developing-2017,Developing,peru-2017,2017,211007207483.515,202278796061.116,6432.9243294982,12506.5293750586,12506.5293750586,22902.0260836355,393259049121.626,12.9708469176106,94.8000030517578,80.4978485107422,0.127,0.264
developing-2018,Developing,peru-2018,2018,222574697255.522,210307558791.895,6574.31669004882,13088.2958384558,12781.4164435302,23123.0676714615,418684963974.761,13.2037117539787,95.1999969482422,81.7999801635742,0.122,0.259
developing-2019,Developing,peru-2019,2019,228470919605.669,214942684282.182,6611.49276445785,13397.2739160483,12853.6920747721,23007.0349575229,435551564551.279,12.9998845865312,95.5513610839844,82.9478225708008,0.125,0.266
developing-2000,Developing,philippines-2000,2000,83669693589.1547,142796140820.36,1830.91324407989,3439.53875901901,4453.75666461124,12255.901523952,268255671085.492,25.2795652869319,74.6616897583008,61.6950645446777,0.193,0.32
developing-2001,Developing,philippines-2001,2001,78921234457.233,147150325740.485,1846.93142831953,3545.73414226395,4492.72142443421,12324.2172925842,282498811825.423,25.3115458939429,75.7229461669922,63.3980865478516,0.187,0.256
developing-2002,Developing,philippines-2002,2002,84307291974.4733,152618807081.032,1875.72444408132,3657.97035711492,4562.76138195703,12462.7771492516,297631709178.948,25.1354086778499,76.7766189575195,65.083984375,0.178,0.228
developing-2003,Developing,philippines-2003,2003,87039145965.0093,160382390171.199,1931.10880056426,3835.91675156979,4697.48565007771,12779.8072257393,318580442973.872,24.836872645366,76.5999984741211,63.5447158813477,0.175,0.254
developing-2004,Developing,philippines-2004,2004,95002028504.6908,170918275875.837,2017.67416197725,4115.76881393865,4908.0587378874,13211.5098479919,348649015206.978,24.0119978825827,87.5999984741211,84.5029525756836,0.168,0.249
developing-2005,Developing,philippines-2005,2005,107419961717.119,179365920408.317,2077.76798286209,4370.37388742261,5054.23893300765,13552.8507940284,377277993169.49,24.2699011658856,79.9156188964844,70.0244369506836,0.161,0.242
developing-2013,Developing,philippines-2013,2013,283902728259.788,270953202686.745,2740.4564888797,6614.68352374649,6666.25051235498,16772.1943645911,654004065669.745,20.4344987658388,87.5,81.8996963500977,0.133,0.221
developing-2014,Developing,philippines-2014,2014,297483247100.855,288153278076.74,2866.82205607353,6960.90071577639,6973.63890931299,17276.5300440856,699661967288.23,20.5750839907522,89.7203674316406,84.5721282958984,0.133,0.218
developing-2015,Developing,philippines-2015,2015,306446140627.933,306446140627.933,3001.04318170103,7186.76928044539,7300.13621044291,18110.3626897195,733864052008.592,19.9280223743131,89.0800018310547,83.1949768066406,0.136,0.209
developing-2016,Developing,philippines-2016,2016,318626761492.305,328355374912.941,3167.50241552897,7703.76227526107,7705.05376972347,18886.1758733639,798601364195.356,19.5903031994213,92.0665054321289,88.1386642456055,0.14,0.236
developing-2017,Developing,philippines-2017,2017,328480867143.204,351113647615.503,3338.44153302069,8120.86879330973,8120.86879330973,20561.0574801979,854095492050.13,19.5002020557828,93.0,90.0231704711914,0.144,0.231
developing-2018,Developing,philippines-2018,2018,346842094174.513,373379468918.565,3500.93378918765,8720.60737919396,8516.13654900015,21416.00620372,930064933517.722,19.0982471668548,94.4482650756836,91.8262100219727,0.141,0.189
developing-2019,Developing,philippines-2019,2019,376823278560.849,396224787543.087,3664.79066968155,9291.72691519935,8914.72379823318,22066.2734481639,1004590126617.83,18.5164544003131,95.6450805664063,93.7001266479492,0.14,0.171
developed-2000,Developed,poland-2000,2000,172219461126.067,281460140602.202,7356.77539836051,10672.1210858295,16257.6457570213,42508.673163707,408300721265.83,16.052736000684,100.0,100.0,0.466,1.456
developed-2001,Developed,poland-2001,2001,190905493539.168,285002254940.974,7451.4141558643,11119.7151496001,16466.7867612069,43717.3948516856,425307710140.256,14.5430606949285,100.0,100.0,0.458,1.317
developed-2002,Developed,poland-2002,2002,199072058823.529,290804615996.817,7606.6399994731,11804.2662616751,16809.8184076928,46076.7965757308,451281395936.757,14.3082980593784,100.0,100.0,0.44,1.22
developed-2003,Developed,poland-2003,2003,217827260805.842,300978113808.197,7878.06573423539,12288.4628747003,17409.6387374106,47981.9606480747,469475440088.888,15.5170500689369,100.0,100.0,0.441,1.067
developed-2004,Developed,poland-2004,2004,255110181539.808,315975328292.877,8275.45678962521,13353.6821006072,18287.8282505737,50133.8277021669,509873254482.811,16.4292657414979,100.0,100.0,0.425,0.963
developed-2005,Developed,poland-2005,2005,306144336269.51,327056108237.167,8569.4299709375,13896.7933802513,18937.4758998556,50292.8468797428,530377303430.345,16.0092071921093,100.0,100.0,0.41,0.807
developed-2013,Developed,poland-2013,2013,521016262734.924,443411858336.649,11656.4030936289,24567.5061660535,25759.3391174478,60337.7834058544,934552749787.883,15.6369251920783,100.0,100.0,0.298,0.391
developed-2014,Developed,poland-2014,2014,542477096211.761,458392890303.754,12059.2467116735,25475.5046935927,26649.5781804896,61111.4749720882,968368133404.101,16.5369170030691,100.0,100.0,0.276,0.365
developed-2015,Developed,poland-2015,2015,477811911394.084,477811911394.084,12578.4954734362,26862.0525150288,27797.0595118338,62837.119352737,1020392994001.52,17.4765922385726,100.0,100.0,0.268,0.321
developed-2016,Developed,poland-2016,2016,472630364208.177,492823451386.125,12979.2552591761,28322.1069770901,28682.6935399803,63800.5864809936,1075392865943.42,17.9702353705714,100.0,100.0,0.269,0.314
developed-2017,Developed,poland-2017,2017,526508877305.321,516630057036.742,13604.5404668014,30064.5034841771,30064.5034841771,65797.0232987301,1141694288588.02,16.8176758374438,100.0,100.0,0.268,0.336
developed-2018,Developed,poland-2018,2018,587411745161.558,544288897731.795,14332.9158910011,31953.0350337072,31674.1312060453,68831.3208710121,1213408517146.27,16.7273061504415,100.0,100.0,0.253,0.321
developed-2019,Developed,poland-2019,2019,597280564671.563,570115134633.24,15016.6732968109,33797.7673600747,33185.1581282308,71980.9759018356,1283148291764.73,16.5158366107782,100.0,100.0,0.229,0.306
developing-2000,Developing,qatar-2000,2000,17759890109.8901,33690629183.4261,56864.9885705467,96823.1132878345,86566.3028619328,146412.817076181,57364499460.3035,31.9448244284256,100.0,100.0,0.414,1.262
developing-2001,Developing,qatar-2001,2001,17538461538.4615,35003952796.7125,56915.7933193486,99035.2578440416,86643.6435839159,144689.485511153,60907971032.4376,36.7598883145363,100.0,100.0,0.422,1.126
developing-2002,Developing,qatar-2002,2002,19363736263.7363,37517989780.6433,58542.0954272356,103476.338362077,89119.3841820467,147350.584430923,66315087918.7807,36.7630175642699,100.0,100.0,0.465,1.543
developing-2003,Developing,qatar-2003,2003,23533791208.7912,38913643496.7552,57075.6192099268,102757.778658013,86886.9485910347,141818.542060076,70059328669.0253,32.4348752670348,100.0,100.0,0.47,1.232
developing-2004,Developing,qatar-2004,2004,31734065934.0659,46392423696.024,61582.9723097174,113857.654034282,93748.5501379704,150987.787731643,85772614228.9539,25.6166821628922,100.0,100.0,0.437,1.457
developing-2005,Developing,qatar-2005,2005,44530494505.4945,49868495957.88,57624.1272435956,109856.952919085,87721.9494194595,138108.951508146,95071305625.7056,19.7980540560549,100.0,100.0,0.437,1.252
developing-2013,Developing,qatar-2013,2013,198727642967.033,146581616623.746,62733.4306367325,138229.768973896,95499.9076335034,126070.889279819,322984775359.257,10.2049904181882,100.0,100.0,0.32,0.984
developing-2014,Developing,qatar-2014,2014,206224598571.429,154400753941.045,62784.9009317025,129068.578897594,95578.261524971,125787.624451049,317405707362.121,10.1421524949587,100.0,100.0,0.327,1.098
developing-2015,Developing,qatar-2015,2015,161739955576.923,161739955576.923,63039.1126258027,92968.2320964638,95965.2512537252,125827.404189749,238529336835.754,8.91552530998815,100.0,100.0,0.325,1.095
developing-2016,Developing,qatar-2016,2016,151732181868.132,166695978169.384,62800.3680594912,83102.3504973395,95601.8073323688,125524.916054905,220585134010.778,8.47608042005157,100.0,100.0,0.323,1.144
developing-2017,Developing,qatar-2017,2017,161099122225.275,164199531361.81,60262.7460886212,91738.7527956234,91738.7527956234,120499.315312598,249963056688.56,8.04717029814568,100.0,100.0,0.332,1.113
developing-2018,Developing,qatar-2018,2018,183334953818.681,166227185730.265,59757.7960853415,93154.2348987235,90970.0609166158,119455.118490164,259125458441.551,8.23742387263655,100.0,100.0,0.324,1.052
developing-2019,Developing,qatar-2019,2019,176371267689.082,167371229308.42,59098.5287121758,93771.1253057061,89966.4497223279,118025.08499278,265566484615.656,8.33357268439132,100.0,100.0,0.341,1.266
developed-2000,Developed,romania-2000,2000,37253259016.9976,102084145319.92,4548.60211332626,5848.08495477489,12109.5441905995,24811.6331334955,131248401045.549,19.8128920493959,100.0,100.0,0.317,0.93
developed-2001,Developed,romania-2001,2001,40394824679.1232,107411035119.239,4853.20715323756,6518.67529177843,12920.4808475294,26741.6360059439,144271125997.381,22.0207783534399,100.0,100.0,0.323,0.907
developed-2002,Developed,romania-2002,2002,46066101951.2933,113536677483.738,5224.76235626365,7162.36577844649,13909.655991495,31778.2004277649,155641760899.068,21.8092683135058,100.0,100.0,0.301,0.893
developed-2003,Developed,romania-2003,2003,57806506024.0964,116194738376.305,5385.78764297459,7559.97534934003,14338.3465598604,33113.4473756057,163101372738.626,21.0476787954831,100.0,100.0,0.308,0.827
developed-2004,Developed,romania-2004,2004,74972669056.5922,128311657015.269,5981.40799599499,8990.32564986372,15924.0405392458,37013.6430750632,192858200278.813,21.2420046238418,100.0,100.0,0.27,0.767
developed-2005,Developed,romania-2005,2005,98452791982.7024,134301435131.239,6299.40991769998,9602.10475909396,16770.6431278301,39748.1106987556,204713848800.884,21.2678992923076,100.0,100.0,0.256,0.741
developed-2013,Developed,romania-2013,2013,190801346194.297,166617509768.333,8337.67361059503,19781.9257079992,22197.0232873287,51940.6254380453,395315930297.463,20.4373985578481,100.0,100.0,0.156,0.359
developed-2014,Developed,romania-2014,2014,199959363430.073,172630275253.713,8670.97580713268,20657.6732894791,23084.359127492,53449.2840994587,411273183709.1,21.0466894399152,100.0,100.0,0.149,0.344
developed-2015,Developed,romania-2015,2015,177729210874.504,177729210874.504,8969.14892146193,21605.8356153117,23878.1723506447,55615.1121682847,428132941912.141,19.5844703249576,100.0,100.0,0.148,0.329
developed-2016,Developed,romania-2016,2016,188128818486.401,186087811658.571,9444.99491650232,24271.4700174562,25144.9963025527,58813.1755116016,478202982766.416,20.1593002052635,99.0999984741211,100.0,0.138,0.291
developed-2017,Developed,romania-2017,2017,211695422578.655,199708413252.137,10195.0747280838,27141.9009335846,27141.9009335846,61460.4393161679,531674961946.224,19.9363978628171,100.0,100.0,0.133,0.274
developed-2018,Developed,romania-2018,2018,241457403085.042,208644413683.726,10714.0153591551,29342.0411489328,28523.4538475764,64107.7073558508,571406029073.083,18.7031595670404,100.0,100.0,0.129,0.284
developed-2019,Developed,romania-2019,2019,249881592298.072,217382984916.126,11221.7083913628,31867.3895653364,29875.0627717262,66786.3459443316,617323853338.569,16.9887585445977,100.0,100.0,0.121,0.293
developing-2000,Developing,south africa-2000,2000,151753369491.916,221691970228.101,4930.02546578478,8498.51859366874,11033.8563093375,41787.2973737477,382158945045.26,18.968266431053,72.2824630737305,54.6039733886719,0.618,1.328
developing-2001,Developing,south africa-2001,2001,135429607036.658,227677653424.683,4996.07852562648,8801.28892918131,11181.6892112451,42590.9579613527,401085931742.31,19.0369578655221,70.1999969482422,49.2423515319824,0.679,1.027
developing-2002,Developing,south africa-2002,2002,129088132201.846,236102579035.79,5115.88100187292,9154.891518853,11449.8183147518,45034.6315687313,422506602011.022,19.0721822951943,76.6999969482422,64.0909652709961,0.676,1.106
developing-2003,Developing,south africa-2003,2003,197020241490.079,243065422272.369,5202.68768866559,9483.13234646428,11644.099767334,44861.0371864843,443044385170.331,18.502111880883,78.8000030517578,66.2820892333984,0.7,1.2
developing-2004,Developing,south africa-2004,2004,255806631391.551,254135982543.496,5373.80695103202,10058.7409853464,12027.0806192211,44211.6914405754,475694055770.02,17.9898145212371,80.9000015258789,73.4449234008789,0.722,1.363
developing-2005,Developing,south africa-2005,2005,288868489078.987,267546870424.295,5587.79335186404,10785.0833126626,12506.0021208075,45541.1617261043,516396206134.855,17.3705797296878,80.8000030517578,72.8334350585938,0.68,1.349
developing-2013,Developing,south africa-2013,2013,400886013595.573,337416077838.151,6284.86024979269,13606.9428955207,14066.1027821772,49776.4264241015,730517644099.684,12.3667757766351,85.1999969482422,80.7377853393555,0.626,1.209
developing-2014,Developing,south africa-2014,2014,381198869776.106,342186555600.731,6273.56631828484,13602.102642918,14040.8259112381,49635.0048507297,741915589342.204,12.4807113856549,85.9000015258789,82.2866439819336,0.631,1.258
developing-2015,Developing,south africa-2015,2015,346709790458.563,346709790458.563,6259.83968110571,13701.9453895081,14010.1044183581,48490.7014432947,758901003361.144,12.5179444713924,85.3000030517578,80.1979446411133,0.59,1.137
developing-2016,Developing,south africa-2016,2016,323585509674.481,349013858372.625,6209.36588848656,13748.4614158257,13897.1393679721,48849.0506545819,772768693550.772,12.4836443520042,83.9000015258789,75.7492752075195,0.588,1.131
developing-2017,Developing,south africa-2017,2017,381448814653.456,353055253707.071,6192.89240023292,13860.2701664709,13860.2701664709,48433.8317212373,790170550983.232,12.5127045016941,84.4000015258789,76.7389831542969,0.594,1.061
developing-2018,Developing,south africa-2018,2018,404842116738.074,358307364996.503,6199.89169872681,14209.0938333315,13875.9352486056,48530.2975816129,821179339544.687,12.4280423390957,84.6999969482422,77.1684951782227,0.587,1.062
developing-2019,Developing,south africa-2019,2019,387934574098.17,358712444718.331,6125.73532475494,14289.7600030669,13709.9663747111,48820.5407086734,836783581625.514,12.3257020541963,85.0,77.6118240356445,0.593,0.998
developed-2000,Developed,spain-2000,2000,598363313494.903,971125566803.125,23938.2967464869,21584.2512044454,34757.615021513,89607.3687308556,875626967403.777,16.2325905184989,100.0,100.0,0.198,0.318
developed-2001,Developed,spain-2001,2001,627830029412.205,1009319438550.0,24707.6929982983,22949.1818514072,35874.7529283016,89862.1656712625,937483533692.906,15.8325404105319,100.0,100.0,0.191,0.335
developed-2002,Developed,spain-2002,2002,708756677088.629,1036884176804.69,25026.4346034172,24371.5988492666,36337.5551952878,88824.2216296228,1009753311276.12,15.2409706064422,100.0,100.0,0.197,0.334
developed-2003,Developed,spain-2003,2003,907491523174.116,1067802972527.73,25310.7982805803,25046.1107003124,36750.4418480689,87974.2377200789,1056636426855.48,14.7048485165768,100.0,100.0,0.195,0.346
developed-2004,Developed,spain-2004,2004,1069055675273.75,1101148272942.58,25654.6984456902,26143.6321744545,37249.7735119425,87495.2392385137,1122134235110.56,14.1706721958678,100.0,100.0,0.2,0.347
developed-2005,Developed,spain-2005,2005,1153715822717.51,1141362567663.28,26146.1644104139,27606.9340516269,37963.3658355296,85355.3571890685,1205129771230.45,13.7091756464878,100.0,100.0,0.201,0.345
developed-2013,Developed,spain-2013,2013,1355142585077.65,1135722913640.23,24361.2573441367,32434.0032017704,35371.7398181963,94781.748554871,1512074688796.68,11.1926519187571,100.0,100.0,0.143,0.242
developed-2014,Developed,spain-2014,2014,1371222712535.68,1151440273248.83,24772.3413090317,33525.7406299089,35968.6201369865,94926.9732443166,1558305994181.4,11.3103807750364,100.0,100.0,0.139,0.217
developed-2015,Developed,spain-2015,2015,1195599995808.59,1195599995808.59,25742.3688346767,34903.1274779473,37377.068016704,95796.5035298989,1621069891987.84,11.3004018225856,100.0,100.0,0.142,0.182
developed-2016,Developed,spain-2016,2016,1232912963206.23,1231842234380.86,26500.3139007271,37286.2134326488,38477.5791805612,95981.8420738368,1733214656948.48,11.2753178194355,100.0,100.0,0.133,0.175
developed-2017,Developed,spain-2017,2017,1312539279462.36,1268472802464.84,27224.3980320415,39528.9253872668,39528.9253872668,96340.9233288214,1841780549395.31,11.3369258271386,100.0,100.0,0.138,0.187
developed-2018,Developed,spain-2018,2018,1420994142512.16,1297505426273.83,27725.8055220733,40696.3876815487,40256.9524767458,96107.5240962706,1904499539409.75,11.0346982652945,100.0,100.0,0.131,0.199
developed-2019,Developed,spain-2019,2019,1393046093137.25,1324560898111.72,28101.5270745864,41695.1469476327,40802.48774251,96004.5725997208,1965293955067.71,10.9501557006529,100.0,100.0,0.12,0.19
developing-2000,Developing,thailand-2000,2000,126392233706.79,221454725108.405,3517.79891401225,7302.89176455799,9809.62237014961,18194.5696565481,459736308910.292,28.375445282081,82.0999984741211,73.9577713012695,0.248,0.497
developing-2001,Developing,thailand-2001,2001,120296476180.402,229082177284.849,3605.36823470443,7648.85517154723,10053.8153977212,18411.8064626125,486002062027.422,27.8267674786216,90.4513778686523,86.0493545532227,0.252,0.534
developing-2002,Developing,thailand-2002,2002,134300851255.002,243168522955.031,3795.41072877418,8179.39791825619,10583.7618633023,19113.8715913752,524046605908.762,28.5150317752876,91.0802230834961,86.7826919555664,0.252,0.551
developing-2003,Developing,thailand-2003,2003,152280677649.055,260650499707.576,4037.9711348991,8863.74089898519,11260.1581111258,20166.3402440743,572153296151.954,29.5805029456399,91.7038269042969,87.5297241210938,0.245,0.504
developing-2004,Developing,thailand-2004,2004,172895749632.046,277043701431.254,4262.51880741681,9608.54569481236,11886.3246218723,21024.543762075,624510338823.675,29.4189680545022,92.3245468139648,88.2914505004883,0.252,0.531
developing-2005,Developing,thailand-2005,2005,189318549680.384,288645289937.08,4412.44429474605,10256.3348319773,12304.4020760731,21506.1622598363,670930337815.91,29.6150680597619,92.9447326660156,89.0695648193359,0.25,0.54
developing-2013,Developing,thailand-2013,2013,420333203150.426,385308560264.96,5654.28542044534,15407.6654018139,15767.3608137962,27597.8858923085,1049947947719.55,27.5886907461759,99.4405746459961,99.0261611938477,0.228,0.463
developing-2014,Developing,thailand-2014,2014,407339454060.678,389101803069.629,5685.4021214653,15480.2107903621,15854.1318583817,27926.9995839805,1059446245268.47,27.5735009565918,99.4619445800781,99.1635513305664,0.222,0.461
developing-2015,Developing,thailand-2015,2015,401296437424.995,401296437424.995,5840.05306687798,15822.3709934811,16285.3865749723,28847.0554791399,1087226612256.61,27.3740711959416,99.5999984741211,99.5088195800781,0.222,0.518
developing-2016,Developing,thailand-2016,2016,413366150655.591,415081602962.932,6018.177484354,16616.1950047178,16782.0986705337,30065.2366612853,1146040786539.43,27.1442393688371,99.8499603271484,99.8740692138672,0.211,0.458
developing-2017,Developing,thailand-2017,2017,456356961443.497,432422388357.651,6247.9920783153,17422.9523512059,17422.9523512059,31492.943069331,1205839343826.68,27.0148154805347,99.9000015258789,99.9000015258789,0.202,0.456
developing-2018,Developing,thailand-2018,2018,506611070188.362,450539094020.301,6489.25718582616,18530.2117879533,18095.7365704368,32439.9745118596,1286523956730.17,26.7184361866134,99.8199996948242,99.7301864624023,0.192,0.4
developing-2019,Developing,thailand-2019,2019,544263840039.166,460750263751.601,6617.54282167643,19233.8659169861,18453.4698218155,33373.3395439995,1339169089346.26,25.6282516256575,99.9000015258789,99.9000015258789,0.196,0.448
developing-2000,Developing,turkey-2000,2000,274302959053.103,413826859269.854,6543.7314468452,9628.91470174629,15433.5871175503,47619.4090315859,608934453005.717,18.7056269713129,100.0,100.0,0.206,0.921
developing-2001,Developing,turkey-2001,2001,201751148417.102,390031787736.966,6075.99562671406,9280.25319725365,14330.4181402425,44995.6101870998,595720268339.633,17.7146298488846,100.0,100.0,0.199,0.736
developing-2002,Developing,turkey-2002,2002,240253216295.117,415179953304.473,6373.13190722821,9401.23132772185,15031.2229804703,48183.462293518,612446571084.024,16.9326153021282,100.0,100.0,0.197,0.883
developing-2003,Developing,turkey-2003,2003,314592428076.487,439107629560.404,6644.14590345974,9699.92386379777,15670.4176287977,51322.8280178337,641062167603.924,17.1114469831801,100.0,100.0,0.196,0.91
developing-2004,Developing,turkey-2004,2004,408876042651.701,482122333632.277,7194.68202623479,10979.769043155,16968.8736062818,57861.8247520682,735764534767.027,16.9482350609586,99.9979934692383,100.0,0.182,0.784
developing-2005,Developing,turkey-2005,2005,506308311476.63,525476244038.33,7738.57821530378,12003.8479309778,18251.6691007312,61611.3811703601,815102819831.078,16.903863698293,99.9870300292969,100.0,0.174,0.668
developing-2013,Developing,turkey-2013,2013,957783020853.031,776392136706.161,10225.7160912882,22438.7142497217,24117.6584669162,71123.65314671,1703669566586.39,16.2798557387916,100.0,100.0,0.156,0.352
developing-2014,Developing,turkey-2014,2014,938952628604.067,814743696794.687,10549.676064426,24090.2360374724,24881.7277916793,73764.3844629754,1860471150579.8,16.7716970232894,100.0,100.0,0.16,0.346
developing-2015,Developing,turkey-2015,2015,864316670330.882,864316670330.882,11006.2795239649,25753.3905100464,25958.6407622392,75860.5588871805,2022398639513.72,16.6961854458277,100.0,100.0,0.156,0.331
developing-2016,Developing,turkey-2016,2016,869692960365.551,893038641113.713,11187.0536378814,26512.0169514886,26385.0019383343,76253.3834431968,2116397789617.2,16.5954578952398,100.0,100.0,0.161,0.323
developing-2017,Developing,turkey-2017,2017,858996263095.858,960034377547.426,11835.2611056347,27913.8187158996,27913.8187158996,79059.8442787433,2264269908091.15,17.5918310459266,100.0,100.0,0.167,0.404
developing-2018,Developing,turkey-2018,2018,778471901665.148,988642300211.803,12006.8158804758,27960.980283621,28318.4358039399,79335.9593108454,2302309633041.58,19.0433777374516,100.0,100.0,0.161,0.425
developing-2019,Developing,turkey-2019,2019,761004425605.414,997437115405.82,11955.433463876,26867.470307977,28197.2488314389,81538.1136288295,2241542488878.69,18.280976425027,100.0,100.0,0.156,0.406
developing-2000,Developing,zimbabwe-2000,2000,6689957600.0,20159943346.4712,1696.75326246938,2272.59936583514,4353.36819872561,9624.27733770125,27001848458.3816,13.3879817115732,33.6548881530762,7.27254104614258,0.298,1.804
developing-2001,Developing,zimbabwe-2001,2001,6777384700.0,20450168992.3914,1715.0562066148,2347.49946487563,4400.32815262589,9668.10384187318,27991362954.2273,13.1453715472282,34.1728439331055,7.60102128982544,0.3,1.701
developing-2002,Developing,zimbabwe-2002,2002,6342116400.0,18631326129.2109,1558.54688597736,2167.01921456762,3998.77141816258,8732.85629804255,25905182627.5712,11.8717404808275,34.2000007629395,7.18125534057617,0.297,1.688
developing-2003,Developing,zimbabwe-2003,2003,5727591800.0,15464918337.0639,1290.65562372578,1827.8668437957,3311.44148776056,7187.63335594042,21901900825.1989,12.1667399551763,35.1883506774902,8.84504222869873,0.293,1.624
developing-2004,Developing,zimbabwe-2004,2004,5805598400.0,14566787319.4106,1211.88811792455,1762.52064890457,3109.34731034965,6710.74252332877,21185341335.4952,13.9494853794916,35.690601348877,9.84671020507813,0.297,1.394
developing-2005,Developing,zimbabwe-2005,2005,5755215200.0,13734865906.1513,1137.30318034404,1705.56997941708,2917.98436881367,6307.1175946528,20597651853.7163,15.1228489249194,36.1923141479492,10.8304710388184,0.338,1.401
developing-2013,Developing,zimbabwe-2013,2013,19091020000.0,19158629010.1313,1435.06266340408,2560.77326674813,3681.94734038683,8001.52439924888,34187291083.3824,12.9190567083372,40.4983749389648,18.6982822418213,0.279,0.391
developing-2014,Developing,zimbabwe-2014,2014,19495519600.0,19614016081.7204,1443.61777661556,2612.45595398863,3703.8972364708,7993.24145635238,35494681434.6169,12.5907647006238,32.2999992370605,7.69181156158447,0.267,0.422
developing-2015,Developing,zimbabwe-2015,2015,19963120600.0,19963120600.0,1445.06970213198,2679.50761483742,3707.6224489162,8017.18606775712,37016438435.2528,11.8885992203043,33.7000007629395,10.9493141174316,0.268,0.429
developing-2016,Developing,zimbabwe-2016,2016,20548678100.0,20114015690.1416,1433.60877622062,2806.4690320362,3678.21709488264,7968.25045851415,39375709106.0007,11.5960198919073,42.5617294311523,22.0870532989502,0.233,0.426
developing-2017,Developing,zimbabwe-2017,2017,17584890936.6523,21061283685.9496,1479.37605645489,3795.64243109451,3795.64243109451,8213.92257708728,54037039238.8776,11.0170085913407,44.1786346435547,24.5310878753662,0.207,0.43
developing-2018,Developing,zimbabwe-2018,2018,18115543790.7855,22077324353.2946,1529.0263737276,4017.2217158275,3923.0304945523,8464.7958495928,58003909117.1507,7.72109429394853,45.5726470947266,26.6171207427979,0.242,0.447
developing-2019,Developing,zimbabwe-2019,2019,19284289739.0517,20720841373.1335,1414.82909928095,3783.54789758416,3630.03398530519,7806.48451595546,55411848578.2756,15.7382343347457,46.7814750671387,28.4048767089844,0.249,0.433
